timestamp,query,answer,hop_count,final_context_length,confidence_score,reasoning_trace,search_queries,user_rating,user_comment,relevance_rating,relevance_explanation,faithfulness_rating,faithfulness_explanation,processing_time_s,hops_taken,queries_used,vector_db_type,embedding_cache_hits,llm_cache_hits
2025-11-04T11:21:22.679404,"""How does the structural defect density in carbon nanotubes affect their mechanical properties and functionalization potential?","The structural defect density in carbon nanotubes (CNTs) significantly impacts their mechanical properties and functionalization potential. CNTs, known for their remarkable mechanical, thermal, electrical, and optical properties, are hollow cylinders of carbon atoms arranged in a hexagonal lattice (Source: Doc: 's41467-024-47999-7 (1).pdf', Page: 1, ChunkID: 's41467-024-47999-7 (1)_elem13_chunk0').

**Impact on Mechanical Properties:**

*   **Defect Formation:** Structural defects, typically in the form of pentagons or heptagons, arise from changes in chirality within the tube wall (Source: Doc: 's41467-024-47999-7 (1).pdf', Page: 1, ChunkID: 's41467-024-47999-7 (1)_elem16_chunk0').
*   **Mechanical Properties Affected by Defects:** The presence of defects formed during growth alters CNT properties (Source: Doc: 's41467-024-47999-7 (1).pdf', Page: 1, ChunkID: 's41467-024-47999-7 (1)_elem12_chunk0'). CNTs possess exceptional strength and stiffness due to sp2-hybridized carbon bonds (Source: Doc: 'Carbon Nanotube Assembly and Integration for Applications.pdf', Page: 2, ChunkID: 'Carbon Nanotube Assembly and Integration for Applications_elem13_chunk0').

**Impact on Functionalization Potential:**

*   **Functionalization Improvement:** Functionalization can improve the mechanical and thermal properties of carbon nanotube composites (Source: Doc: 'Carbon Nanotube Assembly and Integration for Applications.pdf', Page: 47, ChunkID: 'Carbon Nanotube Assembly and Integration for Applications_elem665_chunk0').

**CNT Growth and Defect Formation:**

*   **Growth Conditions:** CNT growth occurs at high temperatures across a tube-catalyst interface (Source: Doc: 's41467-024-47999-7 (1).pdf', Page: 1, ChunkID: 's41467-024-47999-7 (1)_elem12_chunk0'). Defects form stochastically at this interface (Source: Doc: 's41467-024-47999-7 (1).pdf', Page: 1, ChunkID: 's41467-024-47999-7 (1)_elem12_chunk0').
*   **Defect Healing:** Under low growth rates and high temperatures, defects can heal before being incorporated into the tube wall, allowing for defect-free growth (Source: Doc: 's41467-024-47999-7 (1).pdf', Page: 1, ChunkID: 's41467-024-47999-7 (1)_elem12_chunk0').

**Missing Information:**

*   The specific types of functionalization methods and how they interact with different types of defects to alter mechanical properties are not detailed.
*   A deeper dive into the relationship between defect density, specific growth parameters (temperature, pressure), and resulting mechanical properties would be beneficial.
*   More information is needed regarding the exact mechanisms by which defects influence electrical and thermal properties.",1,11549,0.85,"START -> Initial Expanded Queries: ['""how does the structural defect density in carbon nanotubes affect their mechanical properties and functionalization potential?', '""Impact of sp3 defect concentration on Young\'s modulus and sidewall functionalization efficiency in single-walled carbon nanotubes synthesized via high-pressure CO CVD at 750°C using Fe/Mo catalyst: A Raman spectroscopy and nanoindentation study""', '""Correlation between graphitization degree, as determined by TEM and XRD, and mechanical stability of multi-walled carbon nanotubes grown by floating catalyst CVD with varying ethylene flow rates and Ni nanoparticle size: Implications for epoxy composite reinforcement""'] -> --- Hop 1 --- -> Hop 1: Routing -> Strategy='vector_search', Query='impact of structural defect density on mechanical properties and functionalization of carbon nanotub...' -> Hop 1: Reasoning result -> Action='ANSWER_COMPLETE', Value='...' -> --- Final Answer Generation ---","""how does the structural defect density in carbon nanotubes affect their mechanical properties and functionalization potential? | ""Impact of sp3 defect concentration on Young's modulus and sidewall functionalization efficiency in single-walled carbon nanotubes synthesized via high-pressure CO CVD at 750°C using Fe/Mo catalyst: A Raman spectroscopy and nanoindentation study"" | ""Correlation between graphitization degree, as determined by TEM and XRD, and mechanical stability of multi-walled carbon nanotubes grown by floating catalyst CVD with varying ethylene flow rates and Ni nanoparticle size: Implications for epoxy composite reinforcement""",-1,,4.0,"The answer directly addresses the question by explaining how structural defect density in CNTs affects both their mechanical properties and functionalization potential. It provides specific examples of defects (pentagons/heptagons), their formation during growth, and how functionalization can improve properties. While it could benefit from more detail on specific functionalization methods and a deeper dive into the relationship between growth parameters and mechanical properties, it provides a solid overview and is therefore highly relevant.",5.0,The answer accurately summarizes the provided context regarding the impact of structural defects on the mechanical properties and functionalization potential of carbon nanotubes (CNTs). It correctly identifies the sources and uses information directly from the provided chunks.,12.79,1,"['""how does the structural defect density in carbon nanotubes affect their mechanical properties and functionalization potential?', '""Impact of sp3 defect concentration on Young\'s modulus and sidewall functionalization efficiency in single-walled carbon nanotubes synthesized via high-pressure CO CVD at 750°C using Fe/Mo catalyst: A Raman spectroscopy and nanoindentation study""', '""Correlation between graphitization degree, as determined by TEM and XRD, and mechanical stability of multi-walled carbon nanotubes grown by floating catalyst CVD with varying ethylene flow rates and Ni nanoparticle size: Implications for epoxy composite reinforcement""']",PandasVectorStore,0,0
2025-11-04T11:21:40.177386,What are the thermodynamic and kinetic considerations when synthesizing carbon nanotubes using fluidized bed chemical vapor deposition (CVD)?,"The synthesis of carbon nanotubes (CNTs) using fluidized bed chemical vapor deposition (CVD) involves both thermodynamic and kinetic considerations. CVD, particularly catalytic CVD (c-CVD), is a prominent method for CNT synthesis, relying on metal nanoparticles, often iron, to decompose hydrocarbon gases at high temperatures (Source: Doc: 's41467-024-47999-7 (1)', Page: 2, ChunkID: 's41467-024-47999-7 (1)_elem24_chunk0').

**Thermodynamic Considerations:**

*   **CNT Nucleation and Growth:** CNT formation begins with the nucleation of a CNT-cap on the catalyst from decomposed hydrocarbons, specifically carbon monomers and dimers (Source: Doc: 's41467-024-47999-7 (1)', Page: 2, ChunkID: 's41467-024-47999-7 (1)_elem24_chunk0'). If the thermodynamic driving force is sufficient, the cap lifts off the catalyst, initiating CNT elongation through continuous carbon atom incorporation at the tube-catalyst interface (Source: Doc: 's41467-024-47999-7 (1)', Page: 2, ChunkID: 's41467-024-47999-7 (1)_elem24_chunk0').
*   **Catalyst Stability:** An ideal catalyst should offer good stability at higher temperatures to enable controlled CNT growth with better diameter distribution (Source: Doc: 'Carbon Nanotube Assembly and Integration for Applications.pdf', Page: 7, ChunkID: 'Carbon Nanotube Assembly and Integration for Applications_elem83_chunk0'). Increasing the interactions between the catalyst support and the catalyst nanoparticles may help control problems encountered at high temperatures (Source: Doc: 'Carbon Nanotube Assembly and Integration for Applications.pdf', Page: 7, ChunkID: 'Carbon Nanotube Assembly and Integration for Applications_elem83_chunk0').

**Kinetic Considerations:**

*   **Growth Rate:** The rate of carbon incorporation (growth rate) for single-walled carbon nanotubes (SWCNTs) ranges from 0.5 to 10 carbon atoms per microsecond (Source: Doc: 's41467-024-47999-7 (1)', Page: 2, ChunkID: 's41467-024-47999-7 (1)_elem24_chunk0').
*   **Catalyst Activity and Deactivation:** The kinetics of activation and deactivation are diameter-dependent in CNT population growth (Source: Doc: 'Statistical analysis of variation in laboratory growth of carbon nanotube forests and recommendations for improved consistency.pdf', Page: 16, ChunkID: 'Statistical analysis of variation in laboratory growth of carbon nanotube forests and recommendations for improved consistency_elem245_chunk0').
*   **Mass Transport:** During nanotube growth, if the diffusion rate of the catalyst particle is lower than the rate at which carbon arrives at the surface, multiple walls may form (Source: Doc: 'horton-et-al-2009-investigation-of-optimal-parameters-for-oxide-assisted-growth-of-vertically-aligned-single-walled.pdf', Page: 5, ChunkID: 'horton-et-al-2009-investigation-of-optimal-parameters-for-oxide-assisted-growth-of-vertically-aligned-single-walled_elem69_chunk0').
*   **Water-Assisted Synthesis:** Kinetics of water-assisted single-walled carbon nanotube synthesis can be revealed by time-evolution analysis (Source: Doc: 'Statistical analysis of variation in laboratory growth of carbon nanotube forests and recommendations for improved consistency.pdf', Page: 15, ChunkID: 'Statistical analysis of variation in laboratory growth of carbon nanotube forests and recommendations for improved consistency_elem232_chunk0').

**Fluidized Bed CVD Specifics:**

*   Fluidized-bed CVD is a variation of CVD used for CNT growth (Source: Doc: 'Laser-assisted growth of carbon nanotubes—a review.pdf', Page: 3, ChunkID: 'Laser-assisted growth of carbon nanotubes—a review_elem40_chunk0'). A parametric study exists for CNT growth by catalytic CVD in a fluidized bed reactor (Source: Doc: 'Laser-assisted growth of carbon nanotubes—a review.pdf', Page: 18, ChunkID: 'Laser-assisted growth of carbon nanotubes—a review_elem384_chunk0').

**Missing Information:**

*   Detailed information on specific thermodynamic parameters (e.g., activation energies, enthalpy changes) for carbon nanotube formation in fluidized bed CVD.
*   Specific kinetic rate constants and their dependence on temperature and pressure for the various steps involved in CNT growth in a fluidized bed.
*   The influence of fluidization dynamics on the mass and heat transfer characteristics within the reactor and how these affect CNT growth.
*   A comparative analysis of the advantages and disadvantages of fluidized bed CVD compared to other CVD methods in terms of thermodynamic and kinetic control.",2,24281,0.75,"START -> Initial Expanded Queries: ['what are the thermodynamic and kinetic considerations when synthesizing carbon nanotubes using fluidized bed chemical vapor deposition (cvd)?', 'Fluidized bed CVD CNT synthesis: Influence of reaction temperature, catalyst composition (Fe, Co, Ni), and gas flow rates on CNT diameter, yield, and defect density; Raman spectroscopy and TEM analysis', 'Thermodynamic modeling and kinetic simulations of CNT growth in fluidized bed CVD reactors: Effects of precursor partial pressure, catalyst particle size, and reactor geometry on CNT nucleation, growth rate, and structural stability; experimental validation using in-situ diagnostics'] -> --- Hop 1 --- -> Hop 1: Routing -> Strategy='hybrid_search', Query='thermodynamic and kinetic considerations for carbon nanotube synthesis using chemical vapor depositi...' -> Hop 1: Reasoning result -> Action='NEXT_QUERY', Value='Fluidized bed CVD for CNT synthesis: Kinetic models and thermodynamic equilibrium calculations for c...' -> --- Hop 2 --- -> Hop 2: Routing -> Strategy='hybrid_search', Query='kinetic models and thermodynamic equilibrium calculations for carbon nanotube growth mechanisms usin...' -> Hop 2: Reasoning result -> Action='ANSWER_COMPLETE', Value='...' -> --- Final Answer Generation ---","what are the thermodynamic and kinetic considerations when synthesizing carbon nanotubes using fluidized bed chemical vapor deposition (cvd)? | Fluidized bed CVD CNT synthesis: Influence of reaction temperature, catalyst composition (Fe, Co, Ni), and gas flow rates on CNT diameter, yield, and defect density; Raman spectroscopy and TEM analysis | Thermodynamic modeling and kinetic simulations of CNT growth in fluidized bed CVD reactors: Effects of precursor partial pressure, catalyst particle size, and reactor geometry on CNT nucleation, growth rate, and structural stability; experimental validation using in-situ diagnostics | fluidized bed cvd for cnt synthesis: kinetic models and thermodynamic equilibrium calculations for carbon nanotube growth mechanisms.",-1,,5.0,"The answer directly addresses the question by outlining both thermodynamic and kinetic considerations in CNT synthesis using CVD, including specifics relevant to the fluidized bed method. It provides examples of each consideration with source citations, although it also acknowledges missing information for a more complete picture.",4.0,"The answer is well-supported by the provided context, particularly regarding the CVD process, the role of catalysts, and the thermodynamic and kinetic considerations involved in CNT growth. It accurately reflects the information given in the source documents. However, some of the information comes from outside the provided context.",17.49,2,"['what are the thermodynamic and kinetic considerations when synthesizing carbon nanotubes using fluidized bed chemical vapor deposition (cvd)?', 'Fluidized bed CVD CNT synthesis: Influence of reaction temperature, catalyst composition (Fe, Co, Ni), and gas flow rates on CNT diameter, yield, and defect density; Raman spectroscopy and TEM analysis', 'Thermodynamic modeling and kinetic simulations of CNT growth in fluidized bed CVD reactors: Effects of precursor partial pressure, catalyst particle size, and reactor geometry on CNT nucleation, growth rate, and structural stability; experimental validation using in-situ diagnostics', 'fluidized bed cvd for cnt synthesis: kinetic models and thermodynamic equilibrium calculations for carbon nanotube growth mechanisms.']",PandasVectorStore,0,0
2025-11-04T11:21:53.844358,"How do different functionalization methods (e.g., amine vs. carboxyl) compare in modifying carbon nanotube properties for specific applications?","The provided context does not directly compare different functionalization methods like amine vs. carboxyl in modifying carbon nanotube (CNT) properties for specific applications. However, it does offer some relevant information regarding CNT functionalization and its impact on material properties and applications.

CNT functionalization is a process that can result in highly soluble materials, which can be further derivatized with active agents (`Source: Doc: '1-s2.0-S2666351120300036-main.pdf', Page: 1, ChunkID: '1-s2.0-S2666351120300036-main_elem10_chunk1'`). Functionalization and processing methods can improve the mechanical and thermal properties of carbon nanotube composites (`Source: Doc: 'Carbon Nanotube Assembly and Integration for Applications.pdf', Page: 47, ChunkID: 'Carbon Nanotube Assembly and Integration for Applications_elem665_chunk0'`). For example, CNTs were functionalized with oleic acid following salinization with (3-aminopropyl) triethoxysilane to form cross-linking properties (`Source: Doc: '1-s2.0-S2666351120300036-main.pdf', Page: 2, ChunkID: '1-s2.0-S2666351120300036-main_elem23_chunk0'`). Chemical functionalization can improve the thermal and mechanical properties of carbon nanotube composites (`Source: Doc: 'Carbon Nanotube Assembly and Integration for Applications.pdf', Page: 46, ChunkID: 'Carbon Nanotube Assembly and Integration for Applications_elem604_chunk0'`).

CNTs' excellent electronic and mechanical properties make them ideal candidates for applications such as transistors, field emitters, scanning probe microscopy tips, and composites (`Source: Doc: 'Laser-assisted growth of carbon nanotubes—a review.pdf', Page: 2, ChunkID: 'Laser-assisted growth of carbon nanotubes—a review_elem22_chunk0'`). They also have applications in flexible electronics, sensors, and solar cell technology (`Source: Doc: 'Laser-assisted growth of carbon nanotubes—a review.pdf', Page: 2, ChunkID: 'Laser-assisted growth of carbon nanotubes—a review_elem22_chunk0'`). Furthermore, CNTs are being applied in drug delivery, sensing, and water treatment (`Source: Doc: '1-s2.0-S2666351120300036-main.pdf', Page: 1, ChunkID: '1-s2.0-S2666351120300036-main_elem10_chunk1'`).

**Missing Information**

The context lacks a direct comparison of different functionalization methods (amine vs. carboxyl) and their specific effects on CNT properties and applications. Information is missing regarding:

*   Specific chemical reactions and mechanisms involved in amine and carboxyl functionalization of CNTs.
*   How amine or carboxyl functionalization affects the solubility, dispersibility, and stability of CNTs in different solvents.
*   The impact of these functional groups on the electronic, mechanical, and thermal properties of CNTs.
*   Application-specific performance comparisons (e.g., sensors, composites, drug delivery) of CNTs functionalized with amine vs. carboxyl groups.
*   Detailed characterization data (e.g., XPS, FTIR, Raman spectroscopy) confirming the presence and concentration of amine or carboxyl groups on the CNT surface.",1,10891,0.2,"START -> Initial Expanded Queries: ['how do different functionalization methods (e.g., amine vs. carboxyl) compare in modifying carbon nanotube properties for specific applications?', '""Influence of Amine vs. Carboxyl Functionalization on Carbon Nanotube Electronic Properties and Dispersion Stability: A Comparative Study with XPS and Raman Spectroscopy""', '""Comparative Analysis of SWCNT and MWCNT Functionalization via Amidation vs. Carboxylation: Impact on Mechanical Properties and Application-Specific Performance""'] -> --- Hop 1 --- -> Hop 1: Routing -> Strategy='vector_search', Query='comparison of amine and carboxyl functionalization methods for modifying carbon nanotube properties ...' -> Hop 1: Reasoning result -> Action='ANSWER_COMPLETE', Value='LLM_ERROR: API rate limit or quota exceeded (google)....' -> --- Final Answer Generation ---","how do different functionalization methods (e.g., amine vs. carboxyl) compare in modifying carbon nanotube properties for specific applications? | ""Influence of Amine vs. Carboxyl Functionalization on Carbon Nanotube Electronic Properties and Dispersion Stability: A Comparative Study with XPS and Raman Spectroscopy"" | ""Comparative Analysis of SWCNT and MWCNT Functionalization via Amidation vs. Carboxylation: Impact on Mechanical Properties and Application-Specific Performance""",-1,,,Parsing Failed: LLM_ERROR: API rate limit or quota exceeded (google).,,"The answer accurately summarizes the information provided in the context regarding CNT functionalization and its impact on material properties and applications. It correctly identifies the lack of direct comparison between amine and carboxyl functionalization methods, acknowledging missing information while still drawing relevant details from the provided sources.",13.66,1,"['how do different functionalization methods (e.g., amine vs. carboxyl) compare in modifying carbon nanotube properties for specific applications?', '""Influence of Amine vs. Carboxyl Functionalization on Carbon Nanotube Electronic Properties and Dispersion Stability: A Comparative Study with XPS and Raman Spectroscopy""', '""Comparative Analysis of SWCNT and MWCNT Functionalization via Amidation vs. Carboxylation: Impact on Mechanical Properties and Application-Specific Performance""']",PandasVectorStore,0,0
2025-11-04T11:22:06.929246,What role does the diameter and chirality of single-walled carbon nanotubes (SWCNTs) play in their electronic and optical properties?,"The diameter and chirality of single-walled carbon nanotubes (SWCNTs) significantly influence their electronic and optical properties (Source: Doc: 'hughes-et-al-2024-review-of-carbon-nanotube-research-and-development-materials-and-emerging-applications.pdf', Page: 2, ChunkID: 'hughes-et-al-2024-review-of-carbon-nanotube-research-and-development-materials-and-emerging-applications_elem35_chunk0'). Theoretical studies have predicted that individual SWCNTs can exhibit either metallic or semiconducting electrical properties, depending on their chirality and diameter (Source: Doc: 'hughes-et-al-2024-review-of-carbon-nanotube-research-and-development-materials-and-emerging-applications.pdf', Page: 2, ChunkID: 'hughes-et-al-2024-review-of-carbon-nanotube-research-and-development-materials-and-emerging-applications_elem35_chunk0').

**Chirality and Electronic Properties:**

*   The chirality of a SWCNT is determined by how the graphene sheet is rolled up to form the tube (Source: Doc: 'Carbon Nanotube Assembly and Integration for Applications.pdf', Page: 2, ChunkID: 'Carbon Nanotube Assembly and Integration for Applications_elem20_chunk0'). This is defined by the chiral vector C = na1 + ma2, where n and m are integers and a1 and a2 are the basis vectors of the graphene lattice (Source: Doc: 'Carbon Nanotube Assembly and Integration for Applications.pdf', Page: 2, ChunkID: 'Carbon Nanotube Assembly and Integration for Applications_elem20_chunk0').
*   Based on the chiral indices (n, m), SWCNTs can be classified into three types: zigzag (m=0), armchair (n=m), and chiral (n≠m) (Source: Doc: 'Carbon Nanotube Assembly and Integration for Applications.pdf', Page: 2, ChunkID: 'Carbon Nanotube Assembly and Integration for Applications_elem20_chunk0').
*   Armchair tubes are always metallic, while two-thirds of zigzag tubes are semiconducting (Source: Doc: 'Carbon Nanotube Assembly and Integration for Applications.pdf', Page: 2, ChunkID: 'Carbon Nanotube Assembly and Integration for Applications_elem20_chunk0'). Generally, about two-thirds of all SWCNTs are predicted to be semiconducting, with the remainder being metallic or quasi-metallic (possessing a small band gap) (Source: Doc: 'Carbon Nanotube Assembly and Integration for Applications.pdf', Page: 2, ChunkID: 'Carbon Nanotube Assembly and Integration for Applications_elem20_chunk0').

**Diameter and Electronic Properties:**

*   The diameter of the SWCNT also plays a role in determining its electronic properties (Source: Doc: 'hughes-et-al-2024-review-of-carbon-nanotube-research-and-development-materials-and-emerging-applications.pdf', Page: 2, ChunkID: 'hughes-et-al-2024-review-of-carbon-nanotube-research-and-development-materials-and-emerging-applications_elem35_chunk0').

**Optical Properties:**

*   The electronic and optical properties of SWCNTs are related (Source: Doc: 'Carbon Nanotube Assembly and Integration for Applications.pdf', Page: 42, ChunkID: 'Carbon Nanotube Assembly and Integration for Applications_elem388_chunk0').

**Missing Information:**

*   The specific relationship between diameter and the size of the band gap in semiconducting SWCNTs is not clearly defined in the provided context.
*   More details regarding the precise mechanisms by which chirality and diameter affect the band structure and density of states, and thus the optical properties, are missing.
*   Details on how diameter control can be used for selective synthesis of semiconducting SWCNTs are not elaborated upon.",1,12111,0.9,"START -> Initial Expanded Queries: ['what role does the diameter and chirality of single-walled carbon nanotubes (swcnts) play in their electronic and optical properties?', 'SWCNT chirality-dependent electronic band structure AND optical absorption spectroscopy AND diameter-selective synthesis AND CVD temperature optimization', 'SWCNT diameter AND chirality correlation with Raman G-mode frequency AND electronic transition energies AND environmental stability AND catalyst composition effects'] -> --- Hop 1 --- -> Hop 1: Routing -> Strategy='vector_search', Query='role of diameter and chirality in single-walled carbon nanotube electronic and optical properties...' -> Hop 1: Reasoning result -> Action='ANSWER_COMPLETE', Value='...' -> --- Final Answer Generation ---",what role does the diameter and chirality of single-walled carbon nanotubes (swcnts) play in their electronic and optical properties? | SWCNT chirality-dependent electronic band structure AND optical absorption spectroscopy AND diameter-selective synthesis AND CVD temperature optimization | SWCNT diameter AND chirality correlation with Raman G-mode frequency AND electronic transition energies AND environmental stability AND catalyst composition effects,-1,,5.0,"The answer directly addresses the question by explaining the role of chirality and diameter in determining the electronic properties of SWCNTs. It provides specific details regarding how chirality (zigzag, armchair, chiral) affects whether a SWCNT is metallic or semiconducting and acknowledges the influence of diameter. It also briefly touches on the relationship between electronic and optical properties. While it identifies missing information, the core of the answer is highly relevant.",,Parsing Failed: LLM_ERROR: API rate limit or quota exceeded (google).,13.08,1,"['what role does the diameter and chirality of single-walled carbon nanotubes (swcnts) play in their electronic and optical properties?', 'SWCNT chirality-dependent electronic band structure AND optical absorption spectroscopy AND diameter-selective synthesis AND CVD temperature optimization', 'SWCNT diameter AND chirality correlation with Raman G-mode frequency AND electronic transition energies AND environmental stability AND catalyst composition effects']",PandasVectorStore,0,0
2025-11-04T11:22:28.355741,What are the challenges in scaling up the production of defect-free carbon nanotubes with uniform properties for industrial applications?,"Scaling up the production of defect-free carbon nanotubes (CNTs) with uniform properties for industrial applications faces several challenges. These challenges span from fundamental understanding of growth mechanisms to practical limitations in process control and consistency.

Here's a breakdown of the challenges:

*   **Precise Control of Structural Attributes and Process Performance:** Achieving precise control over structural attributes such as CNT diameter, quality, density, and alignment, along with process performance like growth rate and reaction efficiency, is essential for scaling up CNT production (Source: Doc: 'Statistical analysis of variation in laboratory growth of carbon nanotube forests and recommendations for improved consistency.pdf', Page: 1, ChunkID: 'Statistical analysis of variation in laboratory growth of carbon nanotube forests and recommendations for improved consistency_elem15_chunk0'). This control is crucial for designing CNT forests to achieve target performance in applications such as thermal interconnects and electrical interfaces (Source: Doc: 'Statistical analysis of variation in laboratory growth of carbon nanotube forests and recommendations for improved consistency.pdf', Page: 1, ChunkID: 'Statistical analysis of variation in laboratory growth of carbon nanotube forests and recommendations for improved consistency_elem15_chunk0').

*   **Sensitivity to Environmental Factors and Process Variations:** CNT growth is influenced by factors like water vapor, carbon deposits on the reactor wall, and variations in pressure between experiments (Source: Doc: 'Statistical analysis of variation in laboratory growth of carbon nanotube forests and recommendations for improved consistency.pdf', Page: 1, ChunkID: 'Statistical analysis of variation in laboratory growth of carbon nanotube forests and recommendations for improved consistency_elem9_chunk0'). Ambient conditions and differences in standard procedures also contribute to inconsistency (Source: Doc: 'Statistical analysis of variation in laboratory growth of carbon nanotube forests and recommendations for improved consistency.pdf', Page: 2, ChunkID: 'Statistical analysis of variation in laboratory growth of carbon nanotube forests and recommendations for improved consistency_elem24_chunk0').

*   **Defect Formation and Chirality Control:** Maintaining uniform properties along the entire length of CNTs is challenging because the chirality must be constant (Source: Doc: 's41467-024-47999-7 (1).pdf', Page: 1, ChunkID: 's41467-024-47999-7 (1)_elem16_chunk0'). Changes in chirality result from defects in the tube wall, typically in the form of pentagons or heptagons (Source: Doc: 's41467-024-47999-7 (1).pdf', Page: 1, ChunkID: 's41467-024-47999-7 (1)_elem16_chunk0'). Achieving the required selectivity for chirality, diameter, and other structural parameters is a significant challenge in CNT synthesis by CVD (Source: Doc: 'hughes-et-al-2024-review-of-carbon-nanotube-research-and-development-materials-and-emerging-applications.pdf', Page: 5, ChunkID: 'hughes-et-al-2024-review-of-carbon-nanotube-research-and-development-materials-and-emerging-applications_elem79_chunk0').

*   **Understanding Growth Mechanisms and Defect Healing:** A lack of atomic-level understanding of defect formation and healing mechanisms at the tube-catalyst interface hinders progress (Source: Doc: 's41467-024-47999-7 (1).pdf', Page: 1, ChunkID: 's41467-024-47999-7 (1)_elem12_chunk0'). While computational studies like molecular dynamics (MD) simulations have helped, accurately exploring the timescales necessary for defect-free growth without biasing methods remains a challenge (Source: Doc: 's41467-024-47999-7 (1).pdf', Page: 2, ChunkID: 's41467-024-47999-7 (1)_elem24_chunk1').

*   **Balancing Growth Rate, Temperature, and Defect Formation:** Understanding how growth rate and temperature affect the entrapment of interface defects is crucial for reliable production of long, defect-free CNTs (Source: Doc: 's41467-024-47999-7 (1).pdf', Page: 4, ChunkID: 's41467-024-47999-7 (1)_elem108_chunk0'). Higher growth temperatures enable faster growth of long defect-free CNTs if the carbon supply rate can be controlled (Source: Doc: 's41467-024-47999-7 (1).pdf', Page: 5, ChunkID: 's41467-024-47999-7 (1)_elem180_chunk0').

*   **Reproducibility and Standardization:** CNT forest growth is often nonrepeatable under typical laboratory conditions (Source: Doc: 'Statistical analysis of variation in laboratory growth of carbon nanotube forests and recommendations for improved consistency.pdf', Page: 1, ChunkID: 'Statistical analysis of variation in laboratory growth of carbon nanotube forests and recommendations for improved consistency_elem15_chunk0'). Inconsistent placement of samples within the furnace can also lead to variations (Source: Doc: 'Statistical analysis of variation in laboratory growth of carbon nanotube forests and recommendations for improved consistency.pdf', Page: 14, ChunkID: 'Statistical analysis of variation in laboratory growth of carbon nanotube forests and recommendations for improved consistency_elem195_chunk0'). Increased adoption of standard growth practices and statistical analyses is needed to accelerate progress in reproducible CNT synthesis (Source: Doc: 'Statistical analysis of variation in laboratory growth of carbon nanotube forests and recommendations for improved consistency.pdf', Page: 14, ChunkID: 'Statistical analysis of variation in laboratory growth of carbon nanotube forests and recommendations for improved consistency_elem195_chunk0').

*   **Post-Growth Processing:** During growth, tubes with closed ends can form, and the presence of pentagonal and heptagonal defects in the graphene lattice can make it difficult to use CNTs in applications where open-ended tubes are needed (Source: Doc: 'Carbon Nanotube Assembly and Integration for Applications.pdf', Page: 40, ChunkID: 'Carbon Nanotube Assembly and Integration for Applications_elem345_chunk0', Source: Doc: 'Carbon Nanotube Assembly and Integration for Applications.pdf', Page: 41, ChunkID: 'Carbon Nanotube Assembly and Integration for Applications_elem347_1').

**Missing Information**

While the provided context highlights several challenges, some areas require further information:

*   **Specific details on catalyst materials and their impact on CNT properties:** The context mentions the importance of catalyst type and morphology (Source: Doc: 'hughes-et-al-2024-review-of-carbon-nanotube-research-and-development-materials-and-emerging-applications.pdf', Page: 5, ChunkID: 'hughes-et-al-2024-review-of-carbon-nanotube-research-and-development-materials-and-emerging-applications_elem79_chunk0'), but lacks specifics on which catalysts are most effective for producing defect-free CNTs with uniform properties.
*   **Economic considerations:** The context touches on cost reduction by using atmospheric pressure CVD systems (Source: Doc: 'Statistical analysis of variation in laboratory growth of carbon nanotube forests and recommendations for improved consistency.pdf', Page: 2, ChunkID: 'Statistical analysis of variation in laboratory growth of carbon nanotube forests and recommendations for improved consistency_elem24_chunk0'), but a more detailed analysis of the economic feasibility of scaling up production is missing.
*   **Details regarding specific applications and their requirements:** While the context mentions applications like thermal interconnects (Source: Doc: 'Statistical analysis of variation in laboratory growth of carbon nanotube forests and recommendations for improved consistency.pdf', Page: 1, ChunkID: 'Statistical analysis of variation in laboratory growth of carbon nanotube forests and recommendations for improved consistency_elem15_chunk0'), it lacks specific details on the required CNT properties for different applications.",1,16995,0.85,"START -> Initial Expanded Queries: ['what are the challenges in scaling up the production of defect-free carbon nanotubes with uniform properties for industrial applications?', '""CVD synthesis of high-purity SWCNTs: catalyst composition, growth temperature optimization, and post-synthesis purification challenges for industrial-scale production""', '""Defect density control in MWCNT synthesis: influence of feedstock ratio, reactor pressure, and annealing temperature on mechanical properties and long-term stability for composite applications""'] -> --- Hop 1 --- -> Hop 1: Routing -> Strategy='vector_search', Query='challenges in scaling up production of defect-free carbon nanotubes with uniform properties for indu...' -> Hop 1: Reasoning result -> Action='ANSWER_COMPLETE', Value='...' -> --- Final Answer Generation ---","what are the challenges in scaling up the production of defect-free carbon nanotubes with uniform properties for industrial applications? | ""CVD synthesis of high-purity SWCNTs: catalyst composition, growth temperature optimization, and post-synthesis purification challenges for industrial-scale production"" | ""Defect density control in MWCNT synthesis: influence of feedstock ratio, reactor pressure, and annealing temperature on mechanical properties and long-term stability for composite applications""",-1,,5.0,"The answer directly and comprehensively addresses the question by outlining several key challenges in scaling up the production of defect-free carbon nanotubes with uniform properties. It covers various aspects, including process control, environmental factors, defect formation, understanding growth mechanisms, reproducibility, and post-growth processing. The answer also identifies areas where more information is needed, demonstrating a thorough understanding of the topic.",5.0,"The answer accurately summarizes the challenges in scaling up CNT production, drawing directly from the provided context and citing specific sources for each point. It also correctly identifies areas where the context lacks detail.",21.42,1,"['what are the challenges in scaling up the production of defect-free carbon nanotubes with uniform properties for industrial applications?', '""CVD synthesis of high-purity SWCNTs: catalyst composition, growth temperature optimization, and post-synthesis purification challenges for industrial-scale production""', '""Defect density control in MWCNT synthesis: influence of feedstock ratio, reactor pressure, and annealing temperature on mechanical properties and long-term stability for composite applications""']",PandasVectorStore,0,0
2025-11-04T11:22:48.185171,Compare the effectiveness of Iron (Fe) and Nickel (Ni) catalysts when using acetylene (C₂H₂) for the CVD synthesis of secondary multi-walled carbon nanotubes (MWCNTs) on vapor-grown carbon fibers (VGCFs).,"The effectiveness of Iron (Fe) and Nickel (Ni) catalysts in the CVD synthesis of secondary multi-walled carbon nanotubes (MWCNTs) on vapor-grown carbon fibers (VGCFs) using acetylene (C₂H₂) has been studied (Source: Doc: 'cvd-synthesis-of-hierarchical-3d-mwcnt-carbon-fiber-43cnmo1qz2.pdf', Page: 1, ChunkID: 'cvd-synthesis-of-hierarchical-3d-mwcnt-carbon-fiber-43cnmo1qz2_elem8_chunk0').

**Effectiveness Comparison:**

*   **Nickel (Ni):** The combination of Ni and C₂H₂ was found to be ""very active"" for secondary CNT synthesis without any pretreatment of the fibers (Source: Doc: 'cvd-synthesis-of-hierarchical-3d-mwcnt-carbon-fiber-43cnmo1qz2.pdf', Page: 1, ChunkID: 'cvd-synthesis-of-hierarchical-3d-mwcnt-carbon-fiber-43cnmo1qz2_elem8_chunk0'). The optimal temperature for CNT synthesis was 750°C, with a total gas flow of 650 cm³min⁻¹ of C₂H₂, H₂, and Ar in a 1.0:6.7:30 ratio (Source: Doc: 'cvd-synthesis-of-hierarchical-3d-mwcnt-carbon-fiber-43cnmo1qz2.pdf', Page: 1, ChunkID: 'cvd-synthesis-of-hierarchical-3d-mwcnt-carbon-fiber-43cnmo1qz2_elem8_chunk0'). With nickel, the achieved optimal secondary tube yield was high, with good activation and coverage on the carbon fibers (Source: Doc: 'cvd-synthesis-of-hierarchical-3d-mwcnt-carbon-fiber-43cnmo1qz2.pdf', Page: 5, ChunkID: 'cvd-synthesis-of-hierarchical-3d-mwcnt-carbon-fiber-43cnmo1qz2_elem89_chunk0').

*   **Iron (Fe):** Iron was ""completely inactive"" as a catalyst with C₂H₂ (Source: Doc: 'cvd-synthesis-of-hierarchical-3d-mwcnt-carbon-fiber-43cnmo1qz2.pdf', Page: 1, ChunkID: 'cvd-synthesis-of-hierarchical-3d-mwcnt-carbon-fiber-43cnmo1qz2_elem8_chunk0'). Synthesis attempts using iron at temperatures of 700, 750, and 800°C showed nonexistent activation of catalyst particles on the VGCFs (Source: Doc: 'cvd-synthesis-of-hierarchical-3d-mwcnt-carbon-fiber-43cnmo1qz2.pdf', Page: 2, ChunkID: 'cvd-synthesis-of-hierarchical-3d-mwcnt-carbon-fiber-43cnmo1qz2_elem29_chunk0'). Even when CNT forests were grown from iron catalyst on the SiO₂ substrate at 800°C, the catalyst remained inactive on the adjacent fibers (Source: Doc: 'cvd-synthesis-of-hierarchical-3d-mwcnt-carbon-fiber-43cnmo1qz2.pdf', Page: 2, ChunkID: 'cvd-synthesis-of-hierarchical-3d-mwcnt-carbon-fiber-43cnmo1qz2_elem29_chunk0'). Synthesis of hierarchical nanostructures using iron catalyst was consistently unsuccessful (Source: Doc: 'cvd-synthesis-of-hierarchical-3d-mwcnt-carbon-fiber-43cnmo1qz2.pdf', Page: 2, ChunkID: 'cvd-synthesis-of-hierarchical-3d-mwcnt-carbon-fiber-43cnmo1qz2_elem33_chunk0').

**Reasons for Differences in Effectiveness:**

*   **Catalyst Particle Size:** Iron particles coalesced during the reduction step and CNT growth initiation, producing excessively large particles unsuitable for CNT growth (Source: Doc: 'cvd-synthesis-of-hierarchical-3d-mwcnt-carbon-fiber-43cnmo1qz2.pdf', Page: 3, ChunkID: 'cvd-synthesis-of-hierarchical-3d-mwcnt-carbon-fiber-43cnmo1qz2_elem48_chunk0'). The average diameter of Fe particles on the fiber surfaces was significantly larger than that of Ni particles (Source: Doc: 'cvd-synthesis-of-hierarchical-3d-mwcnt-carbon-fiber-43cnmo1qz2.pdf', Page: 3, ChunkID: 'cvd-synthesis-of-hierarchical-3d-mwcnt-carbon-fiber-43cnmo1qz2_elem48_chunk0').
*   **Pretreatment:** Data suggests that pretreatment of the supporting carbon structure is vital when using iron (Source: Doc: 'cvd-synthesis-of-hierarchical-3d-mwcnt-carbon-fiber-43cnmo1qz2.pdf', Page: 3, ChunkID: 'cvd-synthesis-of-hierarchical-3d-mwcnt-carbon-fiber-43cnmo1qz2_elem51_chunk0'). The higher crystallinity of the supporting fiber could affect both carbon diffusion and the diffusion of catalyst particles (Source: Doc: 'cvd-synthesis-of-hierarchical-3d-mwcnt-carbon-fiber-43cnmo1qz2.pdf', Page: 4, ChunkID: 'cvd-synthesis-of-hierarchical-3d-mwcnt-carbon-fiber-43cnmo1qz2_elem71_chunk0').

**Missing Information**

*   Details regarding the specific ""reasons discussed in the paper"" for iron's inactivity (Source: Doc: 'cvd-synthesis-of-hierarchical-3d-mwcnt-carbon-fiber-43cnmo1qz2.pdf', Page: 1, ChunkID: 'cvd-synthesis-of-hierarchical-3d-mwcnt-carbon-fiber-43cnmo1qz2_elem8_chunk0') are not elaborated upon beyond particle size and the need for pretreatment.
*   Specifics of the ""radically modified CVD procedure"" or the ""lower crystallinity of the supporting fiber"" (Source: Doc: 'cvd-synthesis-of-hierarchical-3d-mwcnt-carbon-fiber-43cnmo1qz2.pdf', Page: 4, ChunkID: 'cvd-synthesis-of-hierarchical-3d-mwcnt-carbon-fiber-43cnmo1qz2_elem71_chunk0') are not detailed.
*   The exact sputtering parameters beyond the current of 20 mA for 15 seconds (Source: Doc: 'cvd-synthesis-of-hierarchical-3d-mwcnt-carbon-fiber-43cnmo1qz2.pdf', Page: 4, ChunkID: 'cvd-synthesis-of-hierarchical-3d-mwcnt-carbon-fiber-43cnmo1qz2_elem76_chunk0') are not provided.",1,15989,0.95,"START -> Initial Expanded Queries: ['compare the effectiveness of iron (fe) and nickel (ni) catalysts when using acetylene (c₂h₂) for the cvd synthesis of secondary multi-walled carbon nanotubes (mwcnts) on vapor-grown carbon fibers (vgcfs).', 'Acetylene CVD MWCNT synthesis on VGCF: Fe vs Ni catalyst performance at [temperature range] °C, Raman spectroscopy analysis, and defect density correlation with tube diameter and wall thickness.', 'VGCF-supported MWCNT growth via acetylene CVD: Comparative study of Fe and Ni catalyst activity, including catalyst particle size effects, thermal stability up to [temperature] °C, and high-resolution TEM analysis of graphitization degree and interlayer spacing.'] -> --- Hop 1 --- -> Hop 1: Routing -> Strategy='hybrid_search', Query='compare the effectiveness of iron and nickel catalysts for CVD synthesis of secondary multi-walled c...' -> Hop 1: Reasoning result -> Action='ANSWER_COMPLETE', Value='...' -> --- Final Answer Generation ---","compare the effectiveness of iron (fe) and nickel (ni) catalysts when using acetylene (c₂h₂) for the cvd synthesis of secondary multi-walled carbon nanotubes (mwcnts) on vapor-grown carbon fibers (vgcfs). | Acetylene CVD MWCNT synthesis on VGCF: Fe vs Ni catalyst performance at [temperature range] °C, Raman spectroscopy analysis, and defect density correlation with tube diameter and wall thickness. | VGCF-supported MWCNT growth via acetylene CVD: Comparative study of Fe and Ni catalyst activity, including catalyst particle size effects, thermal stability up to [temperature] °C, and high-resolution TEM analysis of graphitization degree and interlayer spacing.",-1,,,Parsing Failed: LLM_ERROR: API rate limit or quota exceeded (google).,5.0,"The answer accurately summarizes the document's findings regarding the effectiveness of nickel and iron catalysts in CVD synthesis of MWCNTs on VGCFs using acetylene. It correctly highlights nickel's activity and iron's inactivity, along with potential reasons for the difference. The answer also acknowledges missing information from the context, which is a good practice.",19.8,1,"['compare the effectiveness of iron (fe) and nickel (ni) catalysts when using acetylene (c₂h₂) for the cvd synthesis of secondary multi-walled carbon nanotubes (mwcnts) on vapor-grown carbon fibers (vgcfs).', 'Acetylene CVD MWCNT synthesis on VGCF: Fe vs Ni catalyst performance at [temperature range] °C, Raman spectroscopy analysis, and defect density correlation with tube diameter and wall thickness.', 'VGCF-supported MWCNT growth via acetylene CVD: Comparative study of Fe and Ni catalyst activity, including catalyst particle size effects, thermal stability up to [temperature] °C, and high-resolution TEM analysis of graphitization degree and interlayer spacing.']",PandasVectorStore,0,0
2025-11-04T11:23:11.859381,"For synthesizing vertically aligned SWCNT 'carpets' using an Iron (Fe) catalyst with acetylene, explain the role of adding a weak oxidant like water (H₂O). What is the optimal concentration to maximize growth height, and what is the underlying mechanism for its effectiveness?","The addition of a weak oxidant like water (H₂O) plays a crucial role in the synthesis of vertically aligned single-walled carbon nanotube (SWNT) carpets using an iron (Fe) catalyst and acetylene (C₂H₂).

**Role of Water (H₂O):**

1.  **Catalyst Preservation via Surface Hydroxylation:** Water provides an efficient route toward catalyst preservation by surface hydroxylation (Source: Doc: 'horton-et-al-2009-investigation-of-optimal-parameters-for-oxide-assisted-growth-of-vertically-aligned-single-walled.pdf', Page: 8, ChunkID: 'horton-et-al-2009-investigation-of-optimal-parameters-for-oxide-assisted-growth-of-vertically-aligned-single-walled_elem91_chunk1'). The addition of H₂O initializes surface chemistry with the catalyst and support, dramatically enhancing the catalyst lifetime (Source: Doc: 'horton-et-al-2009-investigation-of-optimal-parameters-for-oxide-assisted-growth-of-vertically-aligned-single-walled.pdf', Page: 5, ChunkID: 'horton-et-al-2009-investigation-of-optimal-parameters-for-oxide-assisted-growth-of-vertically-aligned-single-walled_elem64_chunk0'). A hydroxylated surface results in the ""pinning"" of mobile Fe atoms near the edge of the catalyst to surface-bound oxygen groups, which stabilizes them (Source: Doc: 'horton-et-al-2009-investigation-of-optimal-parameters-for-oxide-assisted-growth-of-vertically-aligned-single-walled.pdf', Page: 5, ChunkID: 'horton-et-al-2009-investigation-of-optimal-parameters-for-oxide-assisted-growth-of-vertically-aligned-single-walled_elem64_chunk0').
2.  **Etching of Amorphous Carbon:** Water assists in the etching of amorphous carbon during the growth process (Source: Doc: 'horton-et-al-2009-investigation-of-optimal-parameters-for-oxide-assisted-growth-of-vertically-aligned-single-walled.pdf', Page: 8, ChunkID: 'horton-et-al-2009-investigation-of-optimal-parameters-for-oxide-assisted-growth-of-vertically-aligned-single-walled_elem91_chunk1'). H₂O acts to etch away amorphous carbon that forms in the first stages of growth and throughout the growth process (Source: Doc: 'horton-et-al-2009-investigation-of-optimal-parameters-for-oxide-assisted-growth-of-vertically-aligned-single-walled.pdf', Page: 4, ChunkID: 'horton-et-al-2009-investigation-of-optimal-parameters-for-oxide-assisted-growth-of-vertically-aligned-single-walled_elem62_chunk0').
3.  **Prevention of Catalyst Ripening:** Water slows the Ostwald ripening rate substantially, allowing for longer catalyst lifetimes due to better catalyst stability (Source: Doc: 'horton-et-al-2009-investigation-of-optimal-parameters-for-oxide-assisted-growth-of-vertically-aligned-single-walled.pdf', Page: 5, ChunkID: 'horton-et-al-2009-investigation-of-optimal-parameters-for-oxide-assisted-growth-of-vertically-aligned-single-walled_elem64_chunk0'). This protects the catalyst from ripening and/or carbide formation, two potential effects responsible for the early termination of growth without an oxidant (Source: Doc: 'horton-et-al-2009-investigation-of-optimal-parameters-for-oxide-assisted-growth-of-vertically-aligned-single-walled.pdf', Page: 8, ChunkID: 'horton-et-al-2009-investigation-of-optimal-parameters-for-oxide-assisted-growth-of-vertically-aligned-single-walled_elem91_chunk1').

**Optimal Concentration:**

*   The presence of H₂O results in a significant enhancement of the carpet height (Source: Doc: 'horton-et-al-2009-investigation-of-optimal-parameters-for-oxide-assisted-growth-of-vertically-aligned-single-walled.pdf', Page: 3, ChunkID: 'horton-et-al-2009-investigation-of-optimal-parameters-for-oxide-assisted-growth-of-vertically-aligned-single-walled_elem31_chunk1'). The carpet height increases with the addition of H₂O until a saturation effect occurs (Source: Doc: 'horton-et-al-2009-investigation-of-optimal-parameters-for-oxide-assisted-growth-of-vertically-aligned-single-walled.pdf', Page: 1, ChunkID: 'horton-et-al-2009-investigation-of-optimal-parameters-for-oxide-assisted-growth-of-vertically-aligned-single-walled_elem6_chunk0'). A concentration of H₂O in the reaction gas mixture that is well beyond the point at which hydroxyl saturation is expected to occur (2 sccm H₂O) is used when studying the effect of temperature (Source: Doc: 'horton-et-al-2009-investigation-of-optimal-parameters-for-oxide-assisted-growth-of-vertically-aligned-single-walled.pdf', Page: 5, ChunkID: 'horton-et-al-2009-investigation-of-optimal-parameters-for-oxide-assisted-growth-of-vertically-aligned-single-walled_elem70_chunk0').

**Underlying Mechanism:**

1.  **Catalyst Stabilization:** Water stabilizes the catalyst by surface hydroxylation, which prevents ripening and prolongs catalyst lifetime (Source: Doc: 'horton-et-al-2009-investigation-of-optimal-parameters-for-oxide-assisted-growth-of-vertically-aligned-single-walled.pdf', Page: 1, ChunkID: 'horton-et-al-2009-investigation-of-optimal-parameters-for-oxide-assisted-growth-of-vertically-aligned-single-walled_elem6_chunk0').
2.  **Amorphous Carbon Removal:** Water etches away amorphous carbon, preventing the saturation of catalyst particles with carbon and the formation of carbon shells (Source: Doc: 'horton-et-al-2009-investigation-of-optimal-parameters-for-oxide-assisted-growth-of-vertically-aligned-single-walled.pdf', Page: 4, ChunkID: 'horton-et-al-2009-investigation-of-optimal-parameters-for-oxide-assisted-growth-of-vertically-aligned-single-walled_elem62_chunk0'). This is crucial because a constant flux of carbon results in some nanotubes growing faster than others, leading to carbon saturation and carbide formation in some particles (Source: Doc: 'horton-et-al-2009-investigation-of-optimal-parameters-for-oxide-assisted-growth-of-vertically-aligned-single-walled.pdf', Page: 4, ChunkID: 'horton-et-al-2009-investigation-of-optimal-parameters-for-oxide-assisted-growth-of-vertically-aligned-single-walled_elem62_chunk0').

**Missing Information:**

*   Specific quantitative data on the optimal H₂O concentration to *maximize* growth height is not explicitly stated, although the document mentions using a concentration beyond the expected hydroxyl saturation point (2 sccm) for temperature studies (Source: Doc: 'horton-et-al-2009-investigation-of-optimal-parameters-for-oxide-assisted-growth-of-vertically-aligned-single-walled.pdf', Page: 5, ChunkID: 'horton-et-al-2009-investigation-of-optimal-parameters-for-oxide-assisted-growth-of-vertically-aligned-single-walled_elem70_chunk0'). Figure 3b in Doc 'horton-et-al-2009-investigation-of-optimal-parameters-for-oxide-assisted-growth-of-vertically-aligned-single-walled.pdf' (Page 3) shows the dependence of carpet height on H2O concentration, but the actual figure is not provided in the accumulated context.
*   Details regarding the reactor type, specific flow rates of acetylene and carrier gases, and the method of water introduction (e.g., bubbling, mass flow controller) are not provided.
*   The exact nature of the Fe catalyst (e.g., particle size, support material) is not fully detailed.",1,20991,0.85,"START -> Initial Expanded Queries: [""for synthesizing vertically aligned swcnt 'carpets' using an iron (fe) catalyst with acetylene, explain the role of adding a weak oxidant like water (h₂o). what is the optimal concentration to maximize growth height, and what is the underlying mechanism for its effectiveness?"", '""Vertically aligned SWCNT carpet synthesis: Influence of H₂O partial pressure on Fe catalyst activity, growth kinetics, and structural defects during acetylene CVD at [Specific Temperature] °C. Raman spectroscopy analysis of G/D ratio and radial breathing modes.""', '""Acetylene CVD synthesis of vertically aligned SWCNTs using Fe nanoparticles: Optimization of H₂O concentration for enhanced catalyst lifetime, SWCNT diameter control, and carpet thickness. Investigation of oxidation-reduction mechanisms at the catalyst-carbon interface.""'] -> --- Hop 1 --- -> Hop 1: Routing -> Strategy='hybrid_search', Query='role of water as a weak oxidant in vertically aligned single-walled carbon nanotube carpet synthesis...' -> Hop 1: Reasoning result -> Action='ANSWER_COMPLETE', Value='...' -> --- Final Answer Generation ---","for synthesizing vertically aligned swcnt 'carpets' using an iron (fe) catalyst with acetylene, explain the role of adding a weak oxidant like water (h₂o). what is the optimal concentration to maximize growth height, and what is the underlying mechanism for its effectiveness? | ""Vertically aligned SWCNT carpet synthesis: Influence of H₂O partial pressure on Fe catalyst activity, growth kinetics, and structural defects during acetylene CVD at [Specific Temperature] °C. Raman spectroscopy analysis of G/D ratio and radial breathing modes."" | ""Acetylene CVD synthesis of vertically aligned SWCNTs using Fe nanoparticles: Optimization of H₂O concentration for enhanced catalyst lifetime, SWCNT diameter control, and carpet thickness. Investigation of oxidation-reduction mechanisms at the catalyst-carbon interface.""",-1,,5.0,"The answer directly addresses all parts of the question: the role of water, optimal concentration, and underlying mechanism. It provides detailed explanations supported by citations to a specific document. While it acknowledges missing specific quantitative data for *maximizing* height, it provides a concentration used in experiments and points to a figure within the source document that likely contains the missing information. The answer is highly relevant and comprehensive.",5.0,"The answer accurately summarizes the role of water in SWNT carpet growth, drawing directly from the provided context. It correctly identifies catalyst preservation, etching of amorphous carbon, and prevention of catalyst ripening as key mechanisms. It also acknowledges missing quantitative data and specific details not available in the context.",23.67,1,"[""for synthesizing vertically aligned swcnt 'carpets' using an iron (fe) catalyst with acetylene, explain the role of adding a weak oxidant like water (h₂o). what is the optimal concentration to maximize growth height, and what is the underlying mechanism for its effectiveness?"", '""Vertically aligned SWCNT carpet synthesis: Influence of H₂O partial pressure on Fe catalyst activity, growth kinetics, and structural defects during acetylene CVD at [Specific Temperature] °C. Raman spectroscopy analysis of G/D ratio and radial breathing modes.""', '""Acetylene CVD synthesis of vertically aligned SWCNTs using Fe nanoparticles: Optimization of H₂O concentration for enhanced catalyst lifetime, SWCNT diameter control, and carpet thickness. Investigation of oxidation-reduction mechanisms at the catalyst-carbon interface.""']",PandasVectorStore,0,0
2025-11-04T11:27:52.060585,"""How does the structural defect density in carbon nanotubes affect their mechanical properties and functionalization potential?","The structural defect density in carbon nanotubes (CNTs) significantly affects their properties. CNTs are hollow cylinders of carbon with remarkable mechanical, thermal, electrical, and optical properties, making them attractive for advanced technologies (Source: Doc: 's41467-024-47999-7 (1).pdf', Page: 1, ChunkID: 's41467-024-47999-7 (1)_elem13_chunk0'). These tubes are composed of carbon atoms arranged in a hexagonal lattice (Source: Doc: 's41467-024-47999-7 (1).pdf', Page: 1, ChunkID: 's41467-024-47999-7 (1)_elem13_chunk0').

**Impact of Defects:**

*   **Mechanical Properties:** Defects in the tube wall, typically in the form of pentagons or heptagons, alter the chirality (orientation of the hexagonal lattice relative to the tube axis) (Source: Doc: 's41467-024-47999-7 (1).pdf', Page: 1, ChunkID: 's41467-024-47999-7 (1)_elem16_chunk0'). Maintaining uniform properties requires constant chirality along the tube's length (Source: Doc: 's41467-024-47999-7 (1).pdf', Page: 1, ChunkID: 's41467-024-47999-7 (1)_elem16_chunk0').
*   **Growth and Healing:** Defects form stochastically at the tube-catalyst interface (Source: Doc: 's41467-024-47999-7 (1).pdf', Page: 1, ChunkID: 's41467-024-47999-7 (1)_elem12_chunk0'). However, under low growth rates and high temperatures, these defects can heal before being incorporated into the tube wall, allowing for the growth of defect-free CNTs (Source: Doc: 's41467-024-47999-7 (1).pdf', Page: 1, ChunkID: 's41467-024-47999-7 (1)_elem12_chunk0'). The ratio of G-band and D-band Raman intensities can determine the quality of CNTs grown under different experimental conditions (Source: Doc: 's41467-024-47999-7 (1).pdf', Page: 5, ChunkID: 's41467-024-47999-7 (1)_elem193_chunk0').

**CNT Properties:**

CNTs possess exceptional strength and stiffness due to sp2-hybridized carbon bonds (Source: Doc: 'Carbon Nanotube Assembly and Integration for Applications.pdf', Page: 2, ChunkID: 'Carbon Nanotube Assembly and Integration for Applications_elem13_chunk0'). They also exhibit very high electrical conductivity, high charge carrier mobility, high chemical stability, a large specific surface ratio, a high aspect ratio, excellent mechanical properties, and excellent heat conductivity (Source: Doc: 'Carbon Nanotube Assembly and Integration for Applications.pdf', Page: 2, ChunkID: 'Carbon Nanotube Assembly and Integration for Applications_elem13_chunk0').

**Missing Information:**

The provided context does not offer specific details on how defect density directly impacts the functionalization potential of CNTs. Further information is needed to understand the relationship between defect density and the ability to modify CNTs for specific applications.",1,11555,0.85,"START -> Initial Expanded Queries: ['""how does the structural defect density in carbon nanotubes affect their mechanical properties and functionalization potential?', '""Influence of sp3 defect concentration on Young\'s modulus and sidewall functionalization efficiency of single-walled carbon nanotubes synthesized via ethylene CVD at 750°C using Fe/Mo catalyst: A Raman spectroscopy and AFM study""', '""Correlation between graphitization degree, radial breathing mode intensity ratio (IGR/ID), and tensile strength in multi-walled carbon nanotubes grown by floating catalyst method with controlled ferrocene concentration and annealing temperature: Implications for polymer composite reinforcement""'] -> --- Hop 1 --- -> Hop 1: Routing -> Strategy='vector_search', Query='impact of structural defect density on carbon nanotube mechanical properties and functionalization...' -> Hop 1: Reasoning result -> Action='ANSWER_COMPLETE', Value='...' -> --- Final Answer Generation ---","""how does the structural defect density in carbon nanotubes affect their mechanical properties and functionalization potential? | ""Influence of sp3 defect concentration on Young's modulus and sidewall functionalization efficiency of single-walled carbon nanotubes synthesized via ethylene CVD at 750°C using Fe/Mo catalyst: A Raman spectroscopy and AFM study"" | ""Correlation between graphitization degree, radial breathing mode intensity ratio (IGR/ID), and tensile strength in multi-walled carbon nanotubes grown by floating catalyst method with controlled ferrocene concentration and annealing temperature: Implications for polymer composite reinforcement""",-1,,4.0,"The answer directly addresses the impact of structural defects on the mechanical properties of CNTs. It identifies the types of defects (pentagons/heptagons), their origin (tube-catalyst interface), and how they affect chirality and overall tube quality. It also mentions how growth conditions can influence defect density. While it acknowledges a lack of specific information regarding the impact on functionalization potential, it still provides a good overview of the defect-mechanical property relationship, making it highly relevant but not perfectly complete.",5.0,"The answer accurately summarizes the provided context regarding carbon nanotubes, their properties, the impact of defects, and the growth/healing mechanisms. It uses direct citations to support its claims, making it a faithful representation of the source material.",17.14,1,"['""how does the structural defect density in carbon nanotubes affect their mechanical properties and functionalization potential?', '""Influence of sp3 defect concentration on Young\'s modulus and sidewall functionalization efficiency of single-walled carbon nanotubes synthesized via ethylene CVD at 750°C using Fe/Mo catalyst: A Raman spectroscopy and AFM study""', '""Correlation between graphitization degree, radial breathing mode intensity ratio (IGR/ID), and tensile strength in multi-walled carbon nanotubes grown by floating catalyst method with controlled ferrocene concentration and annealing temperature: Implications for polymer composite reinforcement""']",PandasVectorStore,0,0
2025-11-04T11:28:13.352553,What are the thermodynamic and kinetic considerations when synthesizing carbon nanotubes using fluidized bed chemical vapor deposition (CVD)?,"The synthesis of carbon nanotubes (CNTs) using fluidized bed chemical vapor deposition (CVD) involves both thermodynamic and kinetic considerations.

**1. Thermodynamics:**

*   **Catalyst Activity:** Iron (Fe) is a widely used catalyst in CVD for CNT synthesis because it resides in the middle of the Goldilocks' zone of effective catalysts (Source: Doc: 's41467-024-47999-7 (1)', Page: 2, ChunkID: 's41467-024-47999-7 (1)_elem24_chunk0').
*   **Nucleation:** CNT nucleation involves the decomposition of hydrocarbon gas at high temperatures using metal nanoparticles as catalysts (Source: Doc: 's41467-024-47999-7 (1)', Page: 2, ChunkID: 's41467-024-47999-7 (1)_elem24_chunk0'). Carbon monomers and dimers form an initial CNT-cap on the catalyst (Source: Doc: 's41467-024-47999-7 (1)', Page: 2, ChunkID: 's41467-024-47999-7 (1)_elem24_chunk0'). If the thermodynamic driving force is large enough, the cap lifts off the catalyst and forms the tip of the developing CNT (Source: Doc: 's41467-024-47999-7 (1)', Page: 2, ChunkID: 's41467-024-47999-7 (1)_elem24_chunk0').

**2. Kinetics:**

*   **Growth Rate:** The CNT elongates through continuous incorporation of carbon atoms at the tube-catalyst interface (Source: Doc: 's41467-024-47999-7 (1)', Page: 2, ChunkID: 's41467-024-47999-7 (1)_elem24_chunk0'). For single-walled carbon nanotubes (SWCNTs), the rate of carbon incorporation (growth rate) spans from 0.5 to 10 carbon atoms per microsecond (Source: Doc: 's41467-024-47999-7 (1)', Page: 2, ChunkID: 's41467-024-47999-7 (1)_elem24_chunk0').
*   **Catalyst Control:** Catalyst and morphology are important control parameters in the controlled growth of nanotubes (Source: Doc: 'Laser-assisted growth of carbon nanotubes—a review.pdf', Page: 11, ChunkID: 'Laser-assisted growth of carbon nanotubes—a review_elem171_chunk0'). There is a well-known relation between catalyst particle size and the diameter of the carbon nanotube (Source: Doc: 'Laser-assisted growth of carbon nanotubes—a review.pdf', Page: 11, ChunkID: 'Laser-assisted growth of carbon nanotubes—a review_elem171_chunk0'). A direct relation between deposited catalyst precursor metal film thickness and nanotube diameter has been reported (Source: Doc: 'Laser-assisted growth of carbon nanotubes—a review.pdf', Page: 11, ChunkID: 'Laser-assisted growth of carbon nanotubes—a review_elem171_chunk0').
*   **Optimization:** Many attempts have been made to optimize the growth of CNTs (Source: Doc: 'Laser-assisted growth of carbon nanotubes—a review.pdf', Page: 11, ChunkID: 'Laser-assisted growth of carbon nanotubes—a review_elem171_chunk0'). Specifically, chirality- and diameter-control is of great importance (Source: Doc: 'Laser-assisted growth of carbon nanotubes—a review.pdf', Page: 11, ChunkID: 'Laser-assisted growth of carbon nanotubes—a review_elem171_chunk0').
*   **Fluidized Bed CVD:** A parametric study for the growth of carbon nanotubes by catalytic chemical vapor deposition in a fluidized bed reactor was performed by Venegoni et al. (Source: Doc: 'Laser-assisted growth of carbon nanotubes—a review.pdf', Page: 18, ChunkID: 'Laser-assisted growth of carbon nanotubes—a review_elem384_chunk0').

**Missing Information**

The accumulated context provides a general overview of thermodynamic and kinetic considerations in CNT synthesis via CVD, with some specific references to fluidized bed reactors. However, it lacks detailed information regarding:

*   **Specific thermodynamic parameters:** Enthalpy, entropy, and Gibbs free energy changes for the relevant reactions in fluidized bed CVD.
*   **Detailed kinetic models:** Rate constants, activation energies, and reaction orders for the various steps involved in CNT growth in a fluidized bed.
*   **Mass and heat transfer effects:** How fluidization affects the transport of reactants and products, and the temperature distribution within the reactor.
*   **Catalyst behavior in a fluidized bed:** Catalyst attrition, agglomeration, and deactivation mechanisms specific to fluidized bed reactors.
*   **Influence of specific precursors:** A more in-depth analysis of how different carbon precursors (e.g., methane, ethylene, acetylene) affect the thermodynamics and kinetics of CNT growth in a fluidized bed.",3,24571,0.75,"START -> Initial Expanded Queries: ['what are the thermodynamic and kinetic considerations when synthesizing carbon nanotubes using fluidized bed chemical vapor deposition (cvd)?', 'Fluidized bed CVD synthesis of carbon nanotubes: Temperature-dependent growth kinetics, catalyst activity, and structural defect analysis via Raman spectroscopy', 'Thermodynamic modeling of carbon nanotube formation in fluidized bed CVD: Influence of catalyst composition, gas flow dynamics, and CNT diameter distribution at varying reactor pressures'] -> --- Hop 1 --- -> Hop 1: Routing -> Strategy='hybrid_search', Query='thermodynamic and kinetic considerations for carbon nanotube synthesis using chemical vapor depositi...' -> Hop 1: Reasoning result -> Action='NEXT_QUERY', Value='What is the role of gas flow dynamics in fluidized bed CVD for carbon nanotube synthesis, specifical...' -> --- Hop 2 --- -> Hop 2: Routing -> Strategy='hybrid_search', Query='role of gas flow dynamics in fluidized bed chemical vapor deposition for carbon nanotube synthesis r...' -> Hop 2: Reasoning result -> Action='NEXT_QUERY', Value='What is the activation energy for carbon nanotube growth in fluidized bed CVD?...' -> --- Hop 3 --- -> Hop 3: Routing -> Strategy='hybrid_search', Query='activation energy for carbon nanotube growth in fluidized bed chemical vapor deposition...' -> Hop 3: Reasoning result -> Action='ANSWER_COMPLETE', Value='...' -> --- Final Answer Generation ---","what are the thermodynamic and kinetic considerations when synthesizing carbon nanotubes using fluidized bed chemical vapor deposition (cvd)? | Fluidized bed CVD synthesis of carbon nanotubes: Temperature-dependent growth kinetics, catalyst activity, and structural defect analysis via Raman spectroscopy | Thermodynamic modeling of carbon nanotube formation in fluidized bed CVD: Influence of catalyst composition, gas flow dynamics, and CNT diameter distribution at varying reactor pressures | what is the role of gas flow dynamics in fluidized bed cvd for carbon nanotube synthesis, specifically regarding thermodynamic and kinetic factors? | what is the activation energy for carbon nanotube growth in fluidized bed cvd?",-1,,4.0,"The answer directly addresses the question by outlining both thermodynamic and kinetic considerations in CNT synthesis using CVD. It provides specific examples like catalyst activity (Fe), nucleation process, growth rate, and the importance of catalyst control. While it could be more detailed, it lays a solid foundation and is therefore highly relevant.",4.0,"The answer is well-supported by the context, particularly regarding catalyst control and the importance of catalyst size in determining nanotube diameter. It also correctly mentions the parametric study by Venegoni et al. However, the answer also uses external information from document 's41467-024-47999-7 (1)' which is not provided in the context.",21.29,3,"['what are the thermodynamic and kinetic considerations when synthesizing carbon nanotubes using fluidized bed chemical vapor deposition (cvd)?', 'Fluidized bed CVD synthesis of carbon nanotubes: Temperature-dependent growth kinetics, catalyst activity, and structural defect analysis via Raman spectroscopy', 'Thermodynamic modeling of carbon nanotube formation in fluidized bed CVD: Influence of catalyst composition, gas flow dynamics, and CNT diameter distribution at varying reactor pressures', 'what is the role of gas flow dynamics in fluidized bed cvd for carbon nanotube synthesis, specifically regarding thermodynamic and kinetic factors?', 'what is the activation energy for carbon nanotube growth in fluidized bed cvd?']",PandasVectorStore,0,0
2025-11-04T11:28:30.047765,"How do different functionalization methods (e.g., amine vs. carboxyl) compare in modifying carbon nanotube properties for specific applications?","The provided context does not offer a direct comparison of different functionalization methods (amine vs. carboxyl) in modifying carbon nanotube properties for specific applications. However, the context does highlight the importance of functionalization in improving CNT properties and their applications.

CNT functionalization is a key process that can result in highly soluble materials, which can be further derivatized with active molecules, making them compatible with biological systems (Source: Doc: '1-s2.0-S2666351120300036-main.pdf', Page: 1, ChunkID: '1-s2.0-S2666351120300036-main_elem10_chunk2'). Functionalization enables the adsorption or attachment of various molecules or antigens, which subsequently can be targeted to the desired cell population for immune recognition or a therapeutic effect (Source: Doc: '1-s2.0-S2666351120300036-main.pdf', Page: 1, ChunkID: '1-s2.0-S2666351120300036-main_elem10_chunk2'). In one instance, CNTs were functionalized with oleic acid following salinization with (3-aminopropyl) triethoxysilane to form cross-linking properties (Source: Doc: '1-s2.0-S2666351120300036-main.pdf', Page: 2, ChunkID: '1-s2.0-S2666351120300036-main_elem23_chunk0'). Sahoo et al. (2009) discuss the improvement of mechanical and thermal properties of carbon nanotube composites through nanotube functionalization and processing methods (Source: Doc: 'Carbon Nanotube Assembly and Integration for Applications.pdf', Page: 47, ChunkID: 'Carbon Nanotube Assembly and Integration for Applications_elem665_chunk0'). Velasco-Santos et al. (2003) also mention the improvement of thermal and mechanical properties of carbon nanotube composites through chemical functionalization (Source: Doc: 'Carbon Nanotube Assembly and Integration for Applications.pdf', Page: 46, ChunkID: 'Carbon Nanotube Assembly and Integration for Applications_elem604_chunk0').

CNTs have excellent electronic and mechanical properties (Source: Doc: 'Laser-assisted growth of carbon nanotubes—a review.pdf', Page: 2, ChunkID: 'Laser-assisted growth of carbon nanotubes—a review_elem22_chunk0') and are ideal candidates for a wide variety of applications such as transistors and logic operators, field emitters, scanning probe microscopy tips and in composites, (flexible) electronics, sensors, and solar cell technology (Source: Doc: 'Laser-assisted growth of carbon nanotubes—a review.pdf', Page: 2, ChunkID: 'Laser-assisted growth of carbon nanotubes—a review_elem22_chunk0'). They also exhibit high tensile strength, ultra-light weight, special electronic structures and high chemical and thermal stability (Source: Doc: '1-s2.0-S2666351120300036-main.pdf', Page: 2, ChunkID: '1-s2.0-S2666351120300036-main_elem24_chunk0'). Main applications of carbon nanotubes include biomolecule, drug, and drug delivery to the targeted organs, biosensor diagnostic and analysis (Source: Doc: '1-s2.0-S2666351120300036-main.pdf', Page: 2, ChunkID: '1-s2.0-S2666351120300036-main_elem24_chunk0').

### Missing Information
The current context lacks specific details on how amine vs. carboxyl functionalization methods distinctly alter carbon nanotube properties and their suitability for particular applications. Detailed comparisons, mechanisms, and application-specific examples are absent.",3,37305,0.2,"START -> Initial Expanded Queries: ['how do different functionalization methods (e.g., amine vs. carboxyl) compare in modifying carbon nanotube properties for specific applications?', '""Impact of Amine vs. Carboxyl Functionalization on SWCNT Electronic Properties: A Comparative Study of Synthesis Parameters, Defect Density, and Electrochemical Performance""', '""Comparative Analysis of Amine and Carboxyl Functionalized MWCNTs: Influence on Dispersion Stability, Mechanical Properties, and Application-Specific Performance Metrics Under Varying Temperature Conditions""'] -> --- Hop 1 --- -> Hop 1: Routing -> Strategy='vector_search', Query='comparison of amine and carboxyl functionalization methods for modifying carbon nanotube properties ...' -> Hop 1: Reasoning result -> Action='NEXT_QUERY', Value='""amine vs carboxyl functionalization carbon nanotube applications comparison table""...' -> --- Hop 2 --- -> Hop 2: Routing -> Strategy='hybrid_search', Query='amine vs carboxyl functionalization of carbon nanotubes applications comparison...' -> Hop 2: Reasoning result -> Action='NEXT_QUERY', Value='""amine vs carboxyl functionalization carbon nanotube applications side by side comparison""...' -> --- Hop 3 --- -> Hop 3: Routing -> Strategy='vector_search', Query='amine vs carboxyl functionalization of carbon nanotubes applications comparison...' -> Hop 3: Reasoning result -> Action='ANSWER_COMPLETE', Value='...' -> --- Final Answer Generation ---","how do different functionalization methods (e.g., amine vs. carboxyl) compare in modifying carbon nanotube properties for specific applications? | ""Impact of Amine vs. Carboxyl Functionalization on SWCNT Electronic Properties: A Comparative Study of Synthesis Parameters, Defect Density, and Electrochemical Performance"" | ""Comparative Analysis of Amine and Carboxyl Functionalized MWCNTs: Influence on Dispersion Stability, Mechanical Properties, and Application-Specific Performance Metrics Under Varying Temperature Conditions"" | ""amine vs carboxyl functionalization carbon nanotube applications comparison table"" | ""amine vs carboxyl functionalization carbon nanotube applications side by side comparison""",-1,,2.0,"While the answer acknowledges the importance of functionalization and mentions an example of amine functionalization, it explicitly states that it does not provide a direct comparison of amine vs. carboxyl functionalization methods. It only gives general information about CNT properties and applications. Therefore, it is only slightly relevant to the specific question asked.",5.0,"The answer accurately reflects the provided context. It acknowledges the lack of direct comparison between amine and carboxyl functionalization while highlighting the general importance of functionalization in modifying CNT properties and applications, drawing support from the provided documents.",16.69,3,"['how do different functionalization methods (e.g., amine vs. carboxyl) compare in modifying carbon nanotube properties for specific applications?', '""Impact of Amine vs. Carboxyl Functionalization on SWCNT Electronic Properties: A Comparative Study of Synthesis Parameters, Defect Density, and Electrochemical Performance""', '""Comparative Analysis of Amine and Carboxyl Functionalized MWCNTs: Influence on Dispersion Stability, Mechanical Properties, and Application-Specific Performance Metrics Under Varying Temperature Conditions""', '""amine vs carboxyl functionalization carbon nanotube applications comparison table""', '""amine vs carboxyl functionalization carbon nanotube applications side by side comparison""']",PandasVectorStore,1,0
2025-11-04T11:28:42.788127,What role does the diameter and chirality of single-walled carbon nanotubes (SWCNTs) play in their electronic and optical properties?,"The diameter and chirality of single-walled carbon nanotubes (SWCNTs) play a crucial role in determining their electronic and optical properties (Source: Doc: 'hughes-et-al-2024-review-of-carbon-nanotube-research-and-development-materials-and-emerging-applications.pdf', Page: 2, ChunkID: 'hughes-et-al-2024-review-of-carbon-nanotube-research-and-development-materials-and-emerging-applications_elem35_chunk0').

*   **Chirality and Electronic Properties:** The electronic properties of CNTs arise from the geometry of the tube, dictated by its chiral vectors (Source: Doc: 'Carbon Nanotube Assembly and Integration for Applications.pdf', Page: 2, ChunkID: 'Carbon Nanotube Assembly and Integration for Applications_elem20_chunk0'). The chiral vector (C) is defined as C = na1 + ma2, where n and m are integers and a1 and a2 are the basis vectors of the graphene lattice (Source: Doc: 'Carbon Nanotube Assembly and Integration for Applications.pdf', Page: 2, ChunkID: 'Carbon Nanotube Assembly and Integration for Applications_elem20_chunk0').

    *   **Types of CNTs:** SWCNTs are classified into three types based on their chirality: zigzag, armchair, and chiral (Source: Doc: 'Carbon Nanotube Assembly and Integration for Applications.pdf', Page: 2, ChunkID: 'Carbon Nanotube Assembly and Integration for Applications_elem20_chunk0').
        *   If m = 0, the CNT is a zigzag CNT (Source: Doc: 'Carbon Nanotube Assembly and Integration for Applications.pdf', Page: 2, ChunkID: 'Carbon Nanotube Assembly and Integration for Applications_elem20_chunk0').
        *   If n = m, the CNT is an armchair CNT and these are always metallic (Source: Doc: 'Carbon Nanotube Assembly and Integration for Applications.pdf', Page: 2, ChunkID: 'Carbon Nanotube Assembly and Integration for Applications_elem20_chunk0').
        *   If n ≠ m, the CNT is a chiral CNT (Source: Doc: 'Carbon Nanotube Assembly and Integration for Applications.pdf', Page: 2, ChunkID: 'Carbon Nanotube Assembly and Integration for Applications_elem20_chunk0').
    *   **Electronic Behavior:** Analysis shows that armchair tubes are always metallic, while two-thirds of zigzag tubes are semiconducting (Source: Doc: 'Carbon Nanotube Assembly and Integration for Applications.pdf', Page: 2, ChunkID: 'Carbon Nanotube Assembly and Integration for Applications_elem20_chunk0'). More generally, approximately two-thirds of all SWCNTs are predicted to be semiconducting, while the remaining are metallic or possess a small band gap (quasi-metallic) (Source: Doc: 'Carbon Nanotube Assembly and Integration for Applications.pdf', Page: 2, ChunkID: 'Carbon Nanotube Assembly and Integration for Applications_elem20_chunk0'). Theoretical studies predicted that individual tubes could have either metallic or semiconducting electrical properties, depending on their chirality and diameter (Source: Doc: 'hughes-et-al-2024-review-of-carbon-nanotube-research-and-development-materials-and-emerging-applications.pdf', Page: 2, ChunkID: 'hughes-et-al-2024-review-of-carbon-nanotube-research-and-development-materials-and-emerging-applications_elem35_chunk0').

*   **Diameter and Electronic Properties:** The diameter, along with chirality, influences the electronic properties of SWCNTs (Source: Doc: 'hughes-et-al-2024-review-of-carbon-nanotube-research-and-development-materials-and-emerging-applications.pdf', Page: 2, ChunkID: 'hughes-et-al-2024-review-of-carbon-nanotube-research-and-development-materials-and-emerging-applications_elem35_chunk0').

*   **Chirality Control:** Research is being conducted on chirality-controlled synthesis of SWCNTs (Source: Doc: 'Carbon Nanotube Assembly and Integration for Applications.pdf', Page: 12, ChunkID: 'Carbon Nanotube Assembly and Integration for Applications_elem122_chunk0').

**Missing Information**

The accumulated context provides a good overview of how chirality and diameter affect the electronic properties of SWCNTs, but it lacks specific details regarding:

*   **Specific relationships:** More details on *how* the diameter quantitatively affects the band gap or other electronic properties of semiconducting and metallic SWCNTs.
*   **Optical properties:** Details on how chirality and diameter affect the *optical* properties of SWCNTs, beyond the general statement that they play a role.
*   **Peierls distortion:** A deeper explanation of Peierls distortion and its (lack of) significance in metallic SWCNTs.
*   **Edge chirality:** More information about the significance of edge chirality and its relationship to the overall tube chirality.",1,12328,0.9,"START -> Initial Expanded Queries: ['what role does the diameter and chirality of single-walled carbon nanotubes (swcnts) play in their electronic and optical properties?', 'SWCNT chirality-dependent electronic band structure AND optical absorption spectroscopy: CVD synthesis temperature effects AND catalyst composition influence', 'Diameter-controlled SWCNT synthesis: correlation between Raman G/R ratio, electronic transport properties, and environmental stability under varying functionalization conditions'] -> --- Hop 1 --- -> Hop 1: Routing -> Strategy='vector_search', Query='relationship between diameter and chirality of single-walled carbon nanotubes and their electronic a...' -> Hop 1: Reasoning result -> Action='ANSWER_COMPLETE', Value='...' -> --- Final Answer Generation ---","what role does the diameter and chirality of single-walled carbon nanotubes (swcnts) play in their electronic and optical properties? | SWCNT chirality-dependent electronic band structure AND optical absorption spectroscopy: CVD synthesis temperature effects AND catalyst composition influence | Diameter-controlled SWCNT synthesis: correlation between Raman G/R ratio, electronic transport properties, and environmental stability under varying functionalization conditions",-1,,5.0,"The answer directly addresses the question by explaining how both diameter and chirality influence the electronic properties of SWCNTs. It provides specific examples of how different chiralities (zigzag, armchair, chiral) lead to different electronic behaviors (metallic vs. semiconducting). It also acknowledges the role of diameter alongside chirality and mentions ongoing research in chirality-controlled synthesis. While it notes missing information regarding optical properties and more specific quantitative relationships, the core question is well addressed.",5.0,"The answer is fully supported by the provided context. It accurately summarizes the relationship between chirality, diameter, and the electronic properties of SWCNTs, including the different types of CNTs (zigzag, armchair, chiral) and their corresponding electronic behaviors. The answer also correctly identifies the role of chirality in the synthesis and control of SWCNTs. The 'Missing Information' section accurately identifies gaps in the provided context.",12.73,1,"['what role does the diameter and chirality of single-walled carbon nanotubes (swcnts) play in their electronic and optical properties?', 'SWCNT chirality-dependent electronic band structure AND optical absorption spectroscopy: CVD synthesis temperature effects AND catalyst composition influence', 'Diameter-controlled SWCNT synthesis: correlation between Raman G/R ratio, electronic transport properties, and environmental stability under varying functionalization conditions']",PandasVectorStore,1,0
2025-11-04T11:28:47.711842,What are the challenges in scaling up the production of defect-free carbon nanotubes with uniform properties for industrial applications?,I encountered an error while trying to generate the final answer (LLM_ERROR: API rate limit or quota exceeded (google).).,1,16995,,"START -> Initial Expanded Queries: ['what are the challenges in scaling up the production of defect-free carbon nanotubes with uniform properties for industrial applications?', '""CVD synthesis of high-purity SWCNTs: catalyst composition AND growth temperature optimization AND Raman spectroscopy characterization AND defect density analysis AND long-term stability""', '""Scalable MWCNT production: fluidized bed reactor OR aerosol synthesis AND controlled diameter distribution AND wall thickness uniformity AND mechanical properties AND functionalization challenges AND industrial applications""'] -> --- Hop 1 --- -> Hop 1: Routing -> Strategy='vector_search', Query='challenges in scaling up production of defect-free carbon nanotubes with uniform properties for indu...' -> Hop 1: Reasoning result -> Action='ANSWER_COMPLETE', Value='LLM_ERROR: API rate limit or quota exceeded (google)....' -> --- Final Answer Generation ---","what are the challenges in scaling up the production of defect-free carbon nanotubes with uniform properties for industrial applications? | ""CVD synthesis of high-purity SWCNTs: catalyst composition AND growth temperature optimization AND Raman spectroscopy characterization AND defect density analysis AND long-term stability"" | ""Scalable MWCNT production: fluidized bed reactor OR aerosol synthesis AND controlled diameter distribution AND wall thickness uniformity AND mechanical properties AND functionalization challenges AND industrial applications""",-1,,,,,,4.91,1,"['what are the challenges in scaling up the production of defect-free carbon nanotubes with uniform properties for industrial applications?', '""CVD synthesis of high-purity SWCNTs: catalyst composition AND growth temperature optimization AND Raman spectroscopy characterization AND defect density analysis AND long-term stability""', '""Scalable MWCNT production: fluidized bed reactor OR aerosol synthesis AND controlled diameter distribution AND wall thickness uniformity AND mechanical properties AND functionalization challenges AND industrial applications""']",PandasVectorStore,1,0
2025-11-04T11:29:07.986583,Compare the effectiveness of Iron (Fe) and Nickel (Ni) catalysts when using acetylene (C₂H₂) for the CVD synthesis of secondary multi-walled carbon nanotubes (MWCNTs) on vapor-grown carbon fibers (VGCFs).,"The effectiveness of Iron (Fe) and Nickel (Ni) catalysts in the CVD synthesis of secondary multi-walled carbon nanotubes (MWCNTs) on vapor-grown carbon fibers (VGCFs) using acetylene (C₂H₂) has been studied (Source: Doc: 'cvd-synthesis-of-hierarchical-3d-mwcnt-carbon-fiber-43cnmo1qz2.pdf', Page: 1, ChunkID: 'cvd-synthesis-of-hierarchical-3d-mwcnt-carbon-fiber-43cnmo1qz2_elem8_chunk0').

            **Effectiveness Comparison:**

            *   **Nickel (Ni):** The combination of Ni and C₂H₂ was found to be very active for secondary CNT synthesis without any pretreatment of the fibers (Source: Doc: 'cvd-synthesis-of-hierarchical-3d-mwcnt-carbon-fiber-43cnmo1qz2.pdf', Page: 1, ChunkID: 'cvd-synthesis-of-hierarchical-3d-mwcnt-carbon-fiber-43cnmo1qz2_elem8_chunk0'). Optimal conditions for CNT synthesis with Ni included a temperature of 750°C and a total gas flow of 650 cm³min⁻¹ of C₂H₂, H₂, and Ar in a 1.0:6.7:30 ratio (Source: Doc: 'cvd-synthesis-of-hierarchical-3d-mwcnt-carbon-fiber-43cnmo1qz2.pdf', Page: 1, ChunkID: 'cvd-synthesis-of-hierarchical-3d-mwcnt-carbon-fiber-43cnmo1qz2_elem8_chunk0'). Under optimal conditions, the VGCFs were well covered with secondary multiwalled tubes, most having between 10-20 walls with reasonably good wall structure (Source: Doc: 'cvd-synthesis-of-hierarchical-3d-mwcnt-carbon-fiber-43cnmo1qz2.pdf', Page: 2, ChunkID: 'cvd-synthesis-of-hierarchical-3d-mwcnt-carbon-fiber-43cnmo1qz2_elem26_chunk0'). Some secondary tubes had catalyst particles embedded at their ends (Source: Doc: 'cvd-synthesis-of-hierarchical-3d-mwcnt-carbon-fiber-43cnmo1qz2.pdf', Page: 2, ChunkID: 'cvd-synthesis-of-hierarchical-3d-mwcnt-carbon-fiber-43cnmo1qz2_elem26_chunk0').
            *   **Iron (Fe):** Iron was found to be completely inactive as a catalyst with C₂H₂ for secondary CNT synthesis on VGCFs (Source: Doc: 'cvd-synthesis-of-hierarchical-3d-mwcnt-carbon-fiber-43cnmo1qz2.pdf', Page: 1, ChunkID: 'cvd-synthesis-of-hierarchical-3d-mwcnt-carbon-fiber-43cnmo1qz2_elem8_chunk0'). Even when using the same gas mixture that was successful with nickel, synthesis attempts at 700, 750, and 800°C did not activate catalyst particles on the VGCFs (Source: Doc: 'cvd-synthesis-of-hierarchical-3d-mwcnt-carbon-fiber-43cnmo1qz2.pdf', Page: 2, ChunkID: 'cvd-synthesis-of-hierarchical-3d-mwcnt-carbon-fiber-43cnmo1qz2_elem29_chunk0'). While the reactor conditions were suitable for CNT growth from iron catalysts with acetylene on a SiO₂ substrate, with CNT forests grown at 800°C, the catalyst particles on the VGCFs remained inactive (Source: Doc: 'cvd-synthesis-of-hierarchical-3d-mwcnt-carbon-fiber-43cnmo1qz2.pdf', Page: 2, ChunkID: 'cvd-synthesis-of-hierarchical-3d-mwcnt-carbon-fiber-43cnmo1qz2_elem29_chunk0'). Synthesis of hierarchical nanostructures using iron catalyst was consistently unsuccessful with acetylene, and varying experimental conditions or prolonging synthesis time did not improve results (Source: Doc: 'cvd-synthesis-of-hierarchical-3d-mwcnt-carbon-fiber-43cnmo1qz2.pdf', Page: 2, ChunkID: 'cvd-synthesis-of-hierarchical-3d-mwcnt-carbon-fiber-43cnmo1qz2_elem33_chunk0').

            **Reasons for Inactivity of Iron:**

            *   One reason for the difference in effectiveness between Fe and Ni is the different diffusion of catalyst particles on the VGCF surfaces (Source: Doc: 'cvd-synthesis-of-hierarchical-3d-mwcnt-carbon-fiber-43cnmo1qz2.pdf', Page: 3, ChunkID: 'cvd-synthesis-of-hierarchical-3d-mwcnt-carbon-fiber-43cnmo1qz2_elem48_chunk0'). Iron particles coalesced during the reduction step and CNT growth initiation, producing excessively large particles for CNT growth (Source: Doc: 'cvd-synthesis-of-hierarchical-3d-mwcnt-carbon-fiber-43cnmo1qz2.pdf', Page: 3, ChunkID: 'cvd-synthesis-of-hierarchical-3d-mwcnt-carbon-fiber-43cnmo1qz2_elem48_chunk0'). The average diameter of Fe particles on the fibers was significantly larger than that of Ni particles (Source: Doc: 'cvd-synthesis-of-hierarchical-3d-mwcnt-carbon-fiber-43cnmo1qz2.pdf', Page: 3, ChunkID: 'cvd-synthesis-of-hierarchical-3d-mwcnt-carbon-fiber-43cnmo1qz2_elem48_chunk0').
            *   Pretreatment of the supporting carbon structure is vital when using iron (Source: Doc: 'cvd-synthesis-of-hierarchical-3d-mwcnt-carbon-fiber-43cnmo1qz2.pdf', Page: 3, ChunkID: 'cvd-synthesis-of-hierarchical-3d-mwcnt-carbon-fiber-43cnmo1qz2_elem51_chunk0'). The high crystallinity of the VGCFs may also affect carbon diffusion and the diffusion of catalyst particles (Source: Doc: 'cvd-synthesis-of-hierarchical-3d-mwcnt-carbon-fiber-43cnmo1qz2.pdf', Page: 4, ChunkID: 'cvd-synthesis-of-hierarchical-3d-mwcnt-carbon-fiber-43cnmo1qz2_elem71_chunk0').

            **Experimental Details:**

            *   Catalysts were deposited on the fibers by sputtering (Source: Doc: 'cvd-synthesis-of-hierarchical-3d-mwcnt-carbon-fiber-43cnmo1qz2.pdf', Page: 1, ChunkID: 'cvd-synthesis-of-hierarchical-3d-mwcnt-carbon-fiber-43cnmo1qz2_elem8_chunk0'). A magnetron sputter coater was used to produce nanoparticles on the carbon fibers deposited on the substrates, using a sputtering current of 20 mA maintained for 15 seconds (Source: Doc: 'cvd-synthesis-of-hierarchical-3d-mwcnt-carbon-fiber-43cnmo1qz2.pdf', Page: 4, ChunkID: 'cvd-synthesis-of-hierarchical-3d-mwcnt-carbon-fiber-43cnmo1qz2_elem76_chunk0').

            **Missing Information:**

            *   The specific reasons for iron's inactivity are discussed in the paper (Source: Doc: 'cvd-synthesis-of-hierarchical-3d-mwcnt-carbon-fiber-43cnmo1qz2.pdf', Page: 1, ChunkID: 'cvd-synthesis-of-hierarchical-3d-mwcnt-carbon-fiber-43cnmo1qz2_elem8_chunk0'), but these reasons are not explicitly stated in the provided context.
            *   Details of the ""radically modified CVD procedure"" or specifics of the ""lower crystallinity of the supporting fiber"" that are altered by pretreatment are not provided (Source: Doc: 'cvd-synthesis-of-hierarchical-3d-mwcnt-carbon-fiber-43cnmo1qz2.pdf', Page: 4, ChunkID: 'cvd-synthesis-of-hierarchical-3d-mwcnt-carbon-fiber-43cnmo1qz2_elem71_chunk0').
            *   The exact composition of the Showa Denko vapor-grown carbon fibers is not specified.
            *   The specific method to measure the diameter of the nickel particles is not mentioned.",1,16237,0.95,"START -> Initial Expanded Queries: ['compare the effectiveness of iron (fe) and nickel (ni) catalysts when using acetylene (c₂h₂) for the cvd synthesis of secondary multi-walled carbon nanotubes (mwcnts) on vapor-grown carbon fibers (vgcfs).', 'Acetylene CVD MWCNT synthesis VGCF support: Fe vs Ni catalyst performance, growth kinetics, and structural defects at [Specific Temperature] °C, characterized by Raman spectroscopy and TEM', 'Comparative study of Fe and Ni catalysts for MWCNT growth on VGCFs via acetylene CVD: Influence of catalyst particle size, reduction temperature, and C₂H₂ partial pressure on tube diameter, wall number, and thermal stability'] -> --- Hop 1 --- -> Hop 1: Routing -> Strategy='hybrid_search', Query='effectiveness comparison of iron and nickel catalysts in CVD synthesis of secondary multi-walled car...' -> Hop 1: Reasoning result -> Action='ANSWER_COMPLETE', Value='...' -> --- Final Answer Generation ---","compare the effectiveness of iron (fe) and nickel (ni) catalysts when using acetylene (c₂h₂) for the cvd synthesis of secondary multi-walled carbon nanotubes (mwcnts) on vapor-grown carbon fibers (vgcfs). | Acetylene CVD MWCNT synthesis VGCF support: Fe vs Ni catalyst performance, growth kinetics, and structural defects at [Specific Temperature] °C, characterized by Raman spectroscopy and TEM | Comparative study of Fe and Ni catalysts for MWCNT growth on VGCFs via acetylene CVD: Influence of catalyst particle size, reduction temperature, and C₂H₂ partial pressure on tube diameter, wall number, and thermal stability",-1,,5.0,"The answer directly addresses the question by comparing the effectiveness of Iron and Nickel catalysts for CVD synthesis of MWCNTs using acetylene on VGCFs. It provides specific details about the activity of each catalyst, optimal conditions for Nickel, reasons for Iron's inactivity, and relevant experimental details, making it highly relevant.",5.0,"The answer accurately summarizes the document's findings regarding the effectiveness of Nickel and Iron catalysts in CVD synthesis, including experimental details and reasons for the observed differences. It also acknowledges missing information from the provided context.",20.27,1,"['compare the effectiveness of iron (fe) and nickel (ni) catalysts when using acetylene (c₂h₂) for the cvd synthesis of secondary multi-walled carbon nanotubes (mwcnts) on vapor-grown carbon fibers (vgcfs).', 'Acetylene CVD MWCNT synthesis VGCF support: Fe vs Ni catalyst performance, growth kinetics, and structural defects at [Specific Temperature] °C, characterized by Raman spectroscopy and TEM', 'Comparative study of Fe and Ni catalysts for MWCNT growth on VGCFs via acetylene CVD: Influence of catalyst particle size, reduction temperature, and C₂H₂ partial pressure on tube diameter, wall number, and thermal stability']",PandasVectorStore,1,0
2025-11-04T11:29:29.237115,"For synthesizing vertically aligned SWCNT 'carpets' using an Iron (Fe) catalyst with acetylene, explain the role of adding a weak oxidant like water (H₂O). What is the optimal concentration to maximize growth height, and what is the underlying mechanism for its effectiveness?","The addition of a weak oxidant like water (H₂O) plays a crucial role in the synthesis of vertically aligned single-walled carbon nanotube (SWNT) ""carpets"" using an iron (Fe) catalyst with acetylene (Source: Doc: 'horton-et-al-2009-investigation-of-optimal-parameters-for-oxide-assisted-growth-of-vertically-aligned-single-walled.pdf', Page: 1, ChunkID: 'horton-et-al-2009-investigation-of-optimal-parameters-for-oxide-assisted-growth-of-vertically-aligned-single-walled_elem6_chunk0').

 *   **Role of Water (H₂O):**

 *   **Catalyst Preservation:** Water provides an efficient route toward catalyst preservation via surface hydroxylation (Source: Doc: 'horton-et-al-2009-investigation-of-optimal-parameters-for-oxide-assisted-growth-of-vertically-aligned-single-walled.pdf', Page: 8, ChunkID: 'horton-et-al-2009-investigation-of-optimal-parameters-for-oxide-assisted-growth-of-vertically-aligned-single-walled_elem91_chunk1').
 *   **Amorphous Carbon Etching:** Water etches away amorphous carbon during the growth process (Source: Doc: 'horton-et-al-2009-investigation-of-optimal-parameters-for-oxide-assisted-growth-of-vertically-aligned-single-walled.pdf', Page: 8, ChunkID: 'horton-et-al-2009-investigation-of-optimal-parameters-for-oxide-assisted-growth-of-vertically-aligned-single-walled_elem91_chunk1'). This extends the catalyst lifetime by preventing carbon shell formation and carbide formation (Source: Doc: 'horton-et-al-2009-investigation-of-optimal-parameters-for-oxide-assisted-growth-of-vertically-aligned-single-walled.pdf', Page: 4, ChunkID: 'horton-et-al-2009-investigation-of-optimal-parameters-for-oxide-assisted-growth-of-vertically-aligned-single-walled_elem62_chunk0').
 *   **Catalyst Stabilization:** Surface hydroxylation stabilizes the catalyst, making ripening less likely (Source: Doc: 'horton-et-al-2009-investigation-of-optimal-parameters-for-oxide-assisted-growth-of-vertically-aligned-single-walled.pdf', Page: 5, ChunkID: 'horton-et-al-2009-investigation-of-optimal-parameters-for-oxide-assisted-growth-of-vertically-aligned-single-walled_elem64_chunk0'). Hydroxylation ""pins"" mobile Fe atoms to surface-bound oxygen groups, stabilizing them (Source: Doc: 'horton-et-al-2009-investigation-of-optimal-parameters-for-oxide-assisted-growth-of-vertically-aligned-single-walled.pdf', Page: 5, ChunkID: 'horton-et-al-2009-investigation-of-optimal-parameters-for-oxide-assisted-growth-of-vertically-aligned-single-walled_elem64_chunk0').
 *   **Active Catalyst Sites:** This results in active catalyst sites for extended growth duration and protects the catalyst from ripening and/or carbide formation (Source: Doc: 'horton-et-al-2009-investigation-of-optimal-parameters-for-oxide-assisted-growth-of-vertically-aligned-single-walled.pdf', Page: 8, ChunkID: 'horton-et-al-2009-investigation-of-optimal-parameters-for-oxide-assisted-growth-of-vertically-aligned-single-walled_elem91_chunk1').

 *   **Optimal Concentration:**

 *   The presence of H₂O results in the same trend with respect to the carpet height (Source: Doc: 'horton-et-al-2009-investigation-of-optimal-parameters-for-oxide-assisted-growth-of-vertically-aligned-single-walled.pdf', Page: 3, ChunkID: 'horton-et-al-2009-investigation-of-optimal-parameters-for-oxide-assisted-growth-of-vertically-aligned-single-walled_elem31_chunk1').
 *   A concentration of H₂O in the reaction gas mixture is found to be well beyond the point at which hydroxyl saturation to occur (2 sccm H₂O) (Source: Doc: 'horton-et-al-2009-investigation-of-optimal-parameters-for-oxide-assisted-growth-of-vertically-aligned-single-walled.pdf', Page: 5, ChunkID: 'horton-et-al-2009-investigation-of-optimal-parameters-for-oxide-assisted-growth-of-vertically-aligned-single-walled_elem70_chunk0').

 *   **Underlying Mechanism:**

 *   **Surface Hydroxylation:** H₂O initializes surface chemistry with the catalyst and support, dramatically enhancing the catalyst lifetime (Source: Doc: 'horton-et-al-2009-investigation-of-optimal-parameters-for-oxide-assisted-growth-of-vertically-aligned-single-walled.pdf', Page: 5, ChunkID: 'horton-et-al-2009-investigation-of-optimal-parameters-for-oxide-assisted-growth-of-vertically-aligned-single-walled_elem64_chunk0').
 *   **Etching:** H₂O acts as an etching agent, removing amorphous carbon (Source: Doc: 'horton-et-al-2009-investigation-of-optimal-parameters-for-oxide-assisted-growth-of-vertically-aligned-single-walled.pdf', Page: 1, ChunkID: 'horton-et-al-2009-investigation-of-optimal-parameters-for-oxide-assisted-growth-of-vertically-aligned-single-walled_elem7_chunk1'). This prevents the saturation of catalyst particles with carbon and the formation of carbon shells (Source: Doc: 'horton-et-al-2009-investigation-of-optimal-parameters-for-oxide-assisted-growth-of-vertically-aligned-single-walled.pdf', Page: 4, ChunkID: 'horton-et-al-2009-investigation-of-optimal-parameters-for-oxide-assisted-growth-of-vertically-aligned-single-walled_elem62_chunk0').
 *   **Ripening Reduction:** Water slows the Ostwald ripening rate, allowing for longer catalyst lifetimes due to better catalyst stability (Source: Doc: 'horton-et-al-2009-investigation-of-optimal-parameters-for-oxide-assisted-growth-of-vertically-aligned-single-walled.pdf', Page: 5, ChunkID: 'horton-et-al-2009-investigation-of-optimal-parameters-for-oxide-assisted-growth-of-vertically-aligned-single-walled_elem64_chunk0').

 **Missing Information**
 *   The precise optimal concentration of H₂O to maximize growth height is not explicitly stated, although it is mentioned that a concentration beyond the point of hydroxyl saturation (2 sccm) is used in some experiments (Source: Doc: 'horton-et-al-2009-investigation-of-optimal-parameters-for-oxide-assisted-growth-of-vertically-aligned-single-walled.pdf', Page: 5, ChunkID: 'horton-et-al-2009-investigation-of-optimal-parameters-for-oxide-assisted-growth-of-vertically-aligned-single-walled_elem70_chunk0'). More specific data on the relationship between H₂O concentration and carpet height would be beneficial.
 *   Details regarding the specific reactor conditions (pressure, flow rates of other gases) are not provided, making it difficult to directly translate the given H₂O concentration (2 sccm) to other systems.
 *   Further information on the catalyst size and its control during the growth process would be useful for optimizing SWNT quality and length (Source: Doc: 'horton-et-al-2009-investigation-of-optimal-parameters-for-oxide-assisted-growth-of-vertically-aligned-single-walled.pdf', Page: 8, ChunkID: 'horton-et-al-2009-investigation-of-optimal-parameters-for-oxide-assisted-growth-of-vertically-aligned-single-walled_elem86_chunk0').",1,20991,0.85,"START -> Initial Expanded Queries: [""for synthesizing vertically aligned swcnt 'carpets' using an iron (fe) catalyst with acetylene, explain the role of adding a weak oxidant like water (h₂o). what is the optimal concentration to maximize growth height, and what is the underlying mechanism for its effectiveness?"", '""Vertically aligned SWCNT carpet synthesis: Water-assisted CVD growth kinetics, Fe catalyst optimization, growth height dependence on H₂O partial pressure, Raman spectroscopy analysis of defect density and structural order""', '""Acetylene CVD synthesis of vertically aligned SWCNTs: Influence of water vapor on Fe catalyst activity and lifetime, temperature-programmed oxidation studies, optimal H₂O concentration for maximizing SWCNT carpet height, mechanistic insights""'] -> --- Hop 1 --- -> Hop 1: Routing -> Strategy='hybrid_search', Query='role of water as a weak oxidant in vertically aligned single-walled carbon nanotube carpet synthesis...' -> Hop 1: Reasoning result -> Action='ANSWER_COMPLETE', Value='...' -> --- Final Answer Generation ---","for synthesizing vertically aligned swcnt 'carpets' using an iron (fe) catalyst with acetylene, explain the role of adding a weak oxidant like water (h₂o). what is the optimal concentration to maximize growth height, and what is the underlying mechanism for its effectiveness? | ""Vertically aligned SWCNT carpet synthesis: Water-assisted CVD growth kinetics, Fe catalyst optimization, growth height dependence on H₂O partial pressure, Raman spectroscopy analysis of defect density and structural order"" | ""Acetylene CVD synthesis of vertically aligned SWCNTs: Influence of water vapor on Fe catalyst activity and lifetime, temperature-programmed oxidation studies, optimal H₂O concentration for maximizing SWCNT carpet height, mechanistic insights""",-1,,5.0,"The answer directly addresses all parts of the question: the role of water, the optimal concentration (though not perfectly precise), and the underlying mechanism. It provides specific details and citations from the provided document, making it highly relevant.",5.0,"The answer accurately summarizes the role of water in the growth of SWNT carpets, based on the provided context. It correctly identifies catalyst preservation, amorphous carbon etching, and catalyst stabilization as key functions of water, and it provides specific details about surface hydroxylation and ripening reduction. The answer also acknowledges the lack of precise optimal concentration data and other missing information, demonstrating a comprehensive understanding of the source material.",21.24,1,"[""for synthesizing vertically aligned swcnt 'carpets' using an iron (fe) catalyst with acetylene, explain the role of adding a weak oxidant like water (h₂o). what is the optimal concentration to maximize growth height, and what is the underlying mechanism for its effectiveness?"", '""Vertically aligned SWCNT carpet synthesis: Water-assisted CVD growth kinetics, Fe catalyst optimization, growth height dependence on H₂O partial pressure, Raman spectroscopy analysis of defect density and structural order""', '""Acetylene CVD synthesis of vertically aligned SWCNTs: Influence of water vapor on Fe catalyst activity and lifetime, temperature-programmed oxidation studies, optimal H₂O concentration for maximizing SWCNT carpet height, mechanistic insights""']",PandasVectorStore,1,0
2025-11-04T12:08:28.277914,"""How does the structural defect density in carbon nanotubes affect their mechanical properties and functionalization potential?","The structural defect density in carbon nanotubes (CNTs) significantly affects their properties and potential applications (Source: Doc: 's41467-024-47999-7 (1).pdf', Page: 1, ChunkID: 's41467-024-47999-7 (1)_elem12_chunk0'). CNTs, hollow cylinders of carbon, possess remarkable mechanical, thermal, electrical, and optical properties (Source: Doc: 's41467-024-47999-7 (1).pdf', Page: 1, ChunkID: 's41467-024-47999-7 (1)_elem13_chunk0'; Source: Doc: 'Laser-assisted growth of carbon nanotubes—a review.pdf', Page: 2, ChunkID: 'Laser-assisted growth of carbon nanotubes—a review_elem22_chunk0').

 CNTs are comprised of sp2-hybridized carbon bonds, which contribute to their exceptional strength and stiffness (Source: Doc: 'Carbon Nanotube Assembly and Integration for Applications.pdf', Page: 2, ChunkID: 'Carbon Nanotube Assembly and Integration for Applications_elem13_chunk0'). Structural defects, such as pentagons or heptagons in the tube wall, alter the properties of CNTs (Source: Doc: 's41467-024-47999-7 (1).pdf', Page: 1, ChunkID: 's41467-024-47999-7 (1)_elem16_chunk0'). The presence of these defects changes the chirality of the tube, which must remain constant along the length to maintain uniform properties (Source: Doc: 's41467-024-47999-7 (1).pdf', Page: 1, ChunkID: 's41467-024-47999-7 (1)_elem16_chunk0').

 The formation and healing of defects occur at the tube-catalyst interface during CNT growth, which takes place at high temperatures (Source: Doc: 's41467-024-47999-7 (1).pdf', Page: 1, ChunkID: 's41467-024-47999-7 (1)_elem12_chunk0'). The tube-catalyst interface is highly dynamic, exhibiting large fluctuations (Source: Doc: 's41467-024-47999-7 (1).pdf', Page: 1, ChunkID: 's41467-024-47999-7 (1)_elem12_chunk0'). Defects form stochastically at this interface, but under low growth rates and high temperatures, they can heal before being incorporated into the tube wall, allowing for the growth of defect-free CNTs (Source: Doc: 's41467-024-47999-7 (1).pdf', Page: 1, ChunkID: 's41467-024-47999-7 (1)_elem12_chunk0'). The quality of CNTs grown under different experimental conditions is determined by the ratio of G-band and D-band Raman intensities (Source: Doc: 's41467-024-47999-7 (1).pdf', Page: 5, ChunkID: 's41467-024-47999-7 (1)_elem193_chunk0'). Functionalization of nanotubes can also improve mechanical and thermal properties of carbon nanotube composites (Source: Doc: 'Carbon Nanotube Assembly and Integration for Applications.pdf', Page: 47, ChunkID: 'Carbon Nanotube Assembly and Integration for Applications_elem665_chunk0').

 **Missing Information**
 The accumulated context does not provide specific details on *how* different types and densities of defects quantitatively affect specific mechanical properties (e.g., tensile strength, Young's modulus) or the specific chemical reactions involved in functionalization and how defects influence those reactions. Furthermore, there is a lack of information on how specific functionalization techniques can be used to mitigate the negative effects of defects on mechanical properties.",1,11555,0.75,"START -> Initial Expanded Queries: ['""how does the structural defect density in carbon nanotubes affect their mechanical properties and functionalization potential?', '""Impact of sp3 defect concentration on Young\'s modulus and sidewall functionalization efficiency of single-walled carbon nanotubes synthesized via ethylene CVD at 750°C using Fe/Mo catalyst: A Raman spectroscopy and AFM study""', '""Correlation between radial breathing mode intensity ratio (RBM) and tensile strength in multi-walled carbon nanotubes grown by floating catalyst method: Influence of annealing temperature on defect healing and subsequent octadecylamine functionalization""'] -> --- Hop 1 --- -> Hop 1: Routing -> Strategy='vector_search', Query='impact of structural defect density on carbon nanotube mechanical properties and functionalization...' -> Hop 1: Reasoning result -> Action='ANSWER_COMPLETE', Value='...' -> --- Final Answer Generation ---","""how does the structural defect density in carbon nanotubes affect their mechanical properties and functionalization potential? | ""Impact of sp3 defect concentration on Young's modulus and sidewall functionalization efficiency of single-walled carbon nanotubes synthesized via ethylene CVD at 750°C using Fe/Mo catalyst: A Raman spectroscopy and AFM study"" | ""Correlation between radial breathing mode intensity ratio (RBM) and tensile strength in multi-walled carbon nanotubes grown by floating catalyst method: Influence of annealing temperature on defect healing and subsequent octadecylamine functionalization""",,,4,"The answer directly addresses the question by stating that structural defects affect the properties of CNTs and discusses the formation and healing of these defects. It also touches upon how functionalization relates to mechanical properties. However, it lacks specific details on the quantitative relationship between defect density and mechanical properties and the specifics of how defects influence functionalization reactions, as highlighted in the 'Missing Information' section.",5,"The answer accurately synthesizes information from the provided documents, focusing on the impact of structural defects on carbon nanotube properties, their formation and healing mechanisms, and the influence of growth conditions. It correctly attributes information to its source and provides a comprehensive overview of the topic based on the given context.",15.28,1,"['""how does the structural defect density in carbon nanotubes affect their mechanical properties and functionalization potential?', '""Impact of sp3 defect concentration on Young\'s modulus and sidewall functionalization efficiency of single-walled carbon nanotubes synthesized via ethylene CVD at 750°C using Fe/Mo catalyst: A Raman spectroscopy and AFM study""', '""Correlation between radial breathing mode intensity ratio (RBM) and tensile strength in multi-walled carbon nanotubes grown by floating catalyst method: Influence of annealing temperature on defect healing and subsequent octadecylamine functionalization""']",PandasVectorStore,0,0
2025-11-04T12:08:53.121066,What are the thermodynamic and kinetic considerations when synthesizing carbon nanotubes using fluidized bed chemical vapor deposition (CVD)?,"The synthesis of carbon nanotubes (CNTs) using fluidized bed chemical vapor deposition (CVD) involves both thermodynamic and kinetic considerations. CVD is a prominent method for CNT synthesis, utilizing metal nanoparticles, such as iron, as catalysts to decompose hydrocarbon gases at high temperatures (Source: Doc: 's41467-024-47999-7 (1)', Page: 2, ChunkID: 's41467-024-47999-7 (1)_elem24_chunk0').

**Thermodynamic Considerations:**

*   **Driving Force:** The thermodynamic driving force must be large enough for the initial CNT-cap to lift off the catalyst and form the tip of the developing CNT (Source: Doc: 's41467-024-47999-7 (1)', Page: 2, ChunkID: 's41467-024-47999-7 (1)_elem24_chunk0').
*   **Catalyst Selection:** Iron resides in the middle of the Goldilocks' zone of metals considered effective catalysts (Source: Doc: 's41467-024-47999-7 (1)', Page: 2, ChunkID: 's41467-024-47999-7 (1)_elem24_chunk0').
*   **Equilibrium:** Understanding the nucleation mechanisms of CNTs in catalytic CVD is important (Source: Doc: 'cvd-synthesis-of-hierarchical-3d-mwcnt-carbon-fiber-43cnmo1qz2.pdf', Page: 7, ChunkID: 'cvd-synthesis-of-hierarchical-3d-mwcnt-carbon-fiber-43cnmo1qz2_elem144_chunk0').

**Kinetic Considerations:**

*   **Growth Rate:** For single-walled carbon nanotubes (SWCNTs), the rate of carbon incorporation (growth rate) spans from 0.5 to 10 carbon atoms per microsecond (Source: Doc: 's41467-024-47999-7 (1)', Page: 2, ChunkID: 's41467-024-47999-7 (1)_elem24_chunk0').
*   **Catalyst Activity:** The catalyst particle size and morphology are important control parameters in the controlled growth of nanotubes (Source: Doc: 'Laser-assisted growth of carbon nanotubes—a review.pdf', Page: 11, ChunkID: 'Laser-assisted growth of carbon nanotubes—a review_elem171_chunk0'). There is a well-known relation between catalyst particle size and the diameter of the carbon nanotube (Source: Doc: 'Laser-assisted growth of carbon nanotubes—a review.pdf', Page: 11, ChunkID: 'Laser-assisted growth of carbon nanotubes—a review_elem171_chunk0'). Even a direct relation between deposited catalyst precursor metal film thickness and nanotube diameter has been reported (Source: Doc: 'Laser-assisted growth of carbon nanotubes—a review.pdf', Page: 11, ChunkID: 'Laser-assisted growth of carbon nanotubes—a review_elem171_chunk0').
*   **Reaction Kinetics:** The tube elongates (grows) through continuous incorporation of carbon atoms at the interface between the CNT-edge and the catalyst (the tube-catalyst interface) (Source: Doc: 's41467-024-47999-7 (1)', Page: 2, ChunkID: 's41467-024-47999-7 (1)_elem24_chunk0'). Understanding the evolution of the tube-catalyst interface is crucial for producing long defect-free CNTs with uniform properties (Source: Doc: 's41467-024-47999-7 (1)', Page: 2, ChunkID: 's41467-024-47999-7 (1)_elem24_chunk0').
*   **Mass Transport:** Consistent placement of samples within the furnace is required due to the evolution of the reactant mixture (Source: Doc: 'Statistical analysis of variation in laboratory growth of carbon nanotube forests and recommendations for improved consistency.pdf', Page: 14, ChunkID: 'Statistical analysis of variation in laboratory growth of carbon nanotube forests and recommendations for improved consistency_elem195_chunk0').

**Missing Information:**

The accumulated context provides a general overview of thermodynamic and kinetic considerations in CNT synthesis using CVD. However, specific details regarding the fluidized bed aspect are lacking. Information about the following would be beneficial:

*   How fluidization affects heat and mass transfer within the reactor.
*   The influence of particle size and distribution within the fluidized bed on CNT growth.
*   The role of gas velocity and bed hydrodynamics in controlling CNT properties.
*   Specific thermodynamic parameters (e.g., activation energies, equilibrium constants) for relevant reactions in the fluidized bed CVD process.
*   The impact of the fluidized bed environment on catalyst stability and lifetime.",3,26607,0.75,"START -> Initial Expanded Queries: ['what are the thermodynamic and kinetic considerations when synthesizing carbon nanotubes using fluidized bed chemical vapor deposition (cvd)?', 'Fluidized bed CVD carbon nanotube synthesis: ""growth kinetics"", ""thermodynamic modeling"", catalyst ""particle size"", temperature-dependent ""Raman spectroscopy"", ""defect density"", ""SWCNT chirality control""', '""Fluidized bed CVD"" AND ""carbon nanotube"" AND ((""growth mechanism"" AND ""activation energy"") OR (""catalyst deactivation"" AND ""sintering"") OR (""gas flow rate"" AND ""residence time"")) AND (""high-resolution TEM"" OR ""in-situ monitoring"" OR ""kinetic modeling"")'] -> --- Hop 1 --- -> Hop 1: Routing -> Strategy='hybrid_search', Query='thermodynamic and kinetic considerations for carbon nanotube synthesis using chemical vapor depositi...' -> Hop 1: Reasoning result -> Action='NEXT_QUERY', Value='""Fluidized bed CVD carbon nanotube synthesis: thermodynamics AND kinetics""...' -> --- Hop 2 --- -> Hop 2: Routing -> Strategy='hybrid_search', Query='fluidized bed chemical vapor deposition carbon nanotube synthesis thermodynamics and kinetics...' -> Hop 2: Reasoning result -> Action='NEXT_QUERY', Value='""Fluidized bed CVD carbon nanotube synthesis: thermodynamic modeling AND kinetic modeling""...' -> --- Hop 3 --- -> Hop 3: Routing -> Strategy='hybrid_search', Query='fluidized bed chemical vapor deposition carbon nanotube synthesis thermodynamic and kinetic modeling...' -> Hop 3: Reasoning result -> Action='ANSWER_COMPLETE', Value='...' -> --- Final Answer Generation ---","what are the thermodynamic and kinetic considerations when synthesizing carbon nanotubes using fluidized bed chemical vapor deposition (cvd)? | Fluidized bed CVD carbon nanotube synthesis: ""growth kinetics"", ""thermodynamic modeling"", catalyst ""particle size"", temperature-dependent ""Raman spectroscopy"", ""defect density"", ""SWCNT chirality control"" | ""Fluidized bed CVD"" AND ""carbon nanotube"" AND ((""growth mechanism"" AND ""activation energy"") OR (""catalyst deactivation"" AND ""sintering"") OR (""gas flow rate"" AND ""residence time"")) AND (""high-resolution TEM"" OR ""in-situ monitoring"" OR ""kinetic modeling"") | ""fluidized bed cvd carbon nanotube synthesis: thermodynamics and kinetics"" | ""fluidized bed cvd carbon nanotube synthesis: thermodynamic modeling and kinetic modeling""",,,4,"The answer provides a good overview of thermodynamic and kinetic considerations in CNT synthesis using CVD, which is relevant to the question. It identifies key factors like driving force, catalyst selection, growth rate, and catalyst activity. However, it lacks specific details about the fluidized bed aspect of the process, which is a crucial part of the question. The 'Missing Information' section accurately points out these gaps.",4,"The answer is well-supported by the provided context, particularly regarding the CVD process, catalyst role, and kinetic considerations. It correctly identifies the importance of catalyst size and morphology, and the relationship between catalyst and nanotube diameter. However, the answer also incorporates information from external documents not included in the provided context, such as specific growth rates and the importance of the tube-catalyst interface. While relevant, this reduces the faithfulness score slightly. The answer also accurately notes the lack of specific details about the fluidized bed aspect within the provided context.",24.83,3,"['what are the thermodynamic and kinetic considerations when synthesizing carbon nanotubes using fluidized bed chemical vapor deposition (cvd)?', 'Fluidized bed CVD carbon nanotube synthesis: ""growth kinetics"", ""thermodynamic modeling"", catalyst ""particle size"", temperature-dependent ""Raman spectroscopy"", ""defect density"", ""SWCNT chirality control""', '""Fluidized bed CVD"" AND ""carbon nanotube"" AND ((""growth mechanism"" AND ""activation energy"") OR (""catalyst deactivation"" AND ""sintering"") OR (""gas flow rate"" AND ""residence time"")) AND (""high-resolution TEM"" OR ""in-situ monitoring"" OR ""kinetic modeling"")', '""fluidized bed cvd carbon nanotube synthesis: thermodynamics and kinetics""', '""fluidized bed cvd carbon nanotube synthesis: thermodynamic modeling and kinetic modeling""']",PandasVectorStore,0,0
2025-11-04T12:09:42.276741,"How do different functionalization methods (e.g., amine vs. carboxyl) compare in modifying carbon nanotube properties for specific applications?","Functionalization is a key method for modifying carbon nanotubes (CNTs) to improve their properties for various applications (`(Source: Carbon Nanotube Assembly and Integration for Applications.pdf', Page: 47, ChunkID: 'Carbon Nanotube Assembly and Integration for Applications_elem665_chunk0')`, `(Source: 1-s2.0-S2666351120300036-main.pdf', Page: 1, ChunkID: '1-s2.0-S2666351120300036-main_elem10_chunk2')`). CNTs possess excellent chemical and physical properties, including high tensile strength, ultra-light weight, special electronic structures, and high chemical and thermal stability (`(Source: 1-s2.0-S2666351120300036-main.pdf', Page: 2, ChunkID: '1-s2.0-S2666351120300036-main_elem24_chunk0')`).

 CNT functionalization can improve the mechanical and thermal properties of carbon nanotube composites (`(Source: Carbon Nanotube Assembly and Integration for Applications.pdf', Page: 47, ChunkID: 'Carbon Nanotube Assembly and Integration for Applications_elem665_chunk0')`). Functionalization of CNT surfaces can result in highly soluble materials, which can be further derivatized (`(Source: 1-s2.0-S2666351120300036-main.pdf', Page: 1, ChunkID: '1-s2.0-S2666351120300036-main_elem10_chunk2')`). Surface functionalization enables adsorption or attachment of various molecules or antigens, which subsequently can be targeted to the desired cell population for immune recognition or a therapeutic effect (`(Source: 1-s2.0-S2666351120300036-main.pdf', Page: 1, ChunkID: '1-s2.0-S2666351120300036-main_elem10_chunk2')`).

 Revathi et al. (2018) developed an electrochemical sensor for non-enzymatic detection of hydrogen peroxide by employing amine functionalized MWCNTs (`(Source: 1-s2.0-S2666351120300036-main.pdf', Page: 3, ChunkID: '1-s2.0-S2666351120300036-main_elem45_chunk0')`). The study showed that different forms of amine functionalization greatly affect the working of biosensors (`(Source: 1-s2.0-S2666351120300036-main.pdf', Page: 3, ChunkID: '1-s2.0-S2666351120300036-main_elem45_chunk0')`).

 **Missing Information**
 The accumulated context provides a general overview of CNT functionalization and a specific example using amine functionalization for hydrogen peroxide detection. However, it lacks a direct comparison between amine and carboxyl functionalization methods, and does not provide details on how these different methods specifically alter CNT properties (e.g., electronic, mechanical, thermal) for particular applications. More information is needed to understand the nuances of each functionalization method and their impact on CNT properties and performance in various applications.",10,93140,0.4,"START -> Initial Expanded Queries: ['how do different functionalization methods (e.g., amine vs. carboxyl) compare in modifying carbon nanotube properties for specific applications?', '""Influence of Amine vs. Carboxyl Functionalization on SWCNT Electronic Properties: A Comparative Study of Synthesis Parameters, Stability, and Spectroscopic Characterization""', '""Comparative Analysis of Amine and Carboxyl Functionalized MWCNTs: Impact on Mechanical Properties, Thermal Stability, and Performance in [Specific Application, e.g., Polymer Composites]""'] -> --- Hop 1 --- -> Hop 1: Routing -> Strategy='vector_search', Query='comparison of amine and carboxyl functionalization methods for modifying carbon nanotube properties ...' -> Hop 1: Reasoning result -> Action='NEXT_QUERY', Value='""application-specific performance comparison of amine and carboxyl functionalized carbon nanotubes""...' -> --- Hop 2 --- -> Hop 2: Routing -> Strategy='hybrid_search', Query='performance comparison of amine and carboxyl functionalized carbon nanotubes...' -> Hop 2: Reasoning result -> Action='NEXT_QUERY', Value='""amine vs carboxyl functionalization carbon nanotube applications comparison table""...' -> --- Hop 3 --- -> Hop 3: Routing -> Strategy='hybrid_search', Query='amine vs carboxyl functionalization carbon nanotube applications comparison...' -> Hop 3: Reasoning result -> Action='NEXT_QUERY', Value='""amine functionalization carbon nanotube applications""...' -> --- Hop 4 --- -> Hop 4: Routing -> Strategy='vector_search', Query='amine functionalization of carbon nanotubes and their applications...' -> Hop 4: Reasoning result -> Action='NEXT_QUERY', Value='""amine vs carboxyl functionalization carbon nanotube applications specific examples""...' -> --- Hop 5 --- -> Hop 5: Routing -> Strategy='hybrid_search', Query='amine vs carboxyl functionalization of carbon nanotubes applications specific examples...' -> Hop 5: Reasoning result -> Action='NEXT_QUERY', Value='""amine vs carboxyl functionalization carbon nanotube applications performance comparison""...' -> --- Hop 6 --- -> Hop 6: Routing -> Strategy='vector_search', Query='amine vs carboxyl functionalization of carbon nanotubes applications and performance...' -> Hop 6: Reasoning result -> Action='NEXT_QUERY', Value='""amine vs carboxyl functionalization carbon nanotube applications electrochemical sensors""...' -> --- Hop 7 --- -> Hop 7: Routing -> Strategy='hybrid_search', Query='amine vs carboxyl functionalization of carbon nanotubes in electrochemical sensors...' -> Hop 7: Reasoning result -> Action='NEXT_QUERY', Value='""amine vs carboxyl functionalization carbon nanotube applications biomedical""...' -> --- Hop 8 --- -> Hop 8: Routing -> Strategy='hybrid_search', Query='amine vs carboxyl functionalization of carbon nanotubes for biomedical applications...' -> Hop 8: Reasoning result -> Action='NEXT_QUERY', Value='""amine vs carboxyl functionalization carbon nanotube applications catalytic activity""...' -> --- Hop 9 --- -> Hop 9: Routing -> Strategy='vector_search', Query='amine and carboxyl functionalization of carbon nanotubes for catalytic applications...' -> Hop 9: Reasoning result -> Action='NEXT_QUERY', Value='""amine vs carboxyl functionalization carbon nanotube applications drug delivery""...' -> --- Hop 10 --- -> Hop 10: Routing -> Strategy='hybrid_search', Query='amine vs carboxyl functionalization of carbon nanotubes for drug delivery...' -> Hop 10: Reasoning result -> Action='NEXT_QUERY', Value='""amine vs carboxyl functionalization carbon nanotube applications composite materials""...' -> Max hops (10) reached. -> --- Final Answer Generation ---","how do different functionalization methods (e.g., amine vs. carboxyl) compare in modifying carbon nanotube properties for specific applications? | ""Influence of Amine vs. Carboxyl Functionalization on SWCNT Electronic Properties: A Comparative Study of Synthesis Parameters, Stability, and Spectroscopic Characterization"" | ""Comparative Analysis of Amine and Carboxyl Functionalized MWCNTs: Impact on Mechanical Properties, Thermal Stability, and Performance in [Specific Application, e.g., Polymer Composites]"" | ""application-specific performance comparison of amine and carboxyl functionalized carbon nanotubes"" | ""amine vs carboxyl functionalization carbon nanotube applications comparison table"" | ""amine functionalization carbon nanotube applications"" | ""amine vs carboxyl functionalization carbon nanotube applications specific examples"" | ""amine vs carboxyl functionalization carbon nanotube applications performance comparison"" | ""amine vs carboxyl functionalization carbon nanotube applications electrochemical sensors"" | ""amine vs carboxyl functionalization carbon nanotube applications biomedical"" | ""amine vs carboxyl functionalization carbon nanotube applications catalytic activity"" | ""amine vs carboxyl functionalization carbon nanotube applications drug delivery"" | ""amine vs carboxyl functionalization carbon nanotube applications composite materials""",,,3,"The answer provides a general overview of CNT functionalization and mentions amine functionalization with a specific application. It acknowledges the importance of functionalization in modifying CNT properties. However, it doesn't directly compare amine and carboxyl functionalization or detail how these methods alter CNT properties for specific applications, limiting its relevance to the specific question asked.",5,"The answer accurately reflects the information provided in the context. It highlights the importance of functionalization for modifying CNT properties, mentions specific studies and examples, and correctly identifies missing information that would provide a more complete understanding.",49.15,10,"['how do different functionalization methods (e.g., amine vs. carboxyl) compare in modifying carbon nanotube properties for specific applications?', '""Influence of Amine vs. Carboxyl Functionalization on SWCNT Electronic Properties: A Comparative Study of Synthesis Parameters, Stability, and Spectroscopic Characterization""', '""Comparative Analysis of Amine and Carboxyl Functionalized MWCNTs: Impact on Mechanical Properties, Thermal Stability, and Performance in [Specific Application, e.g., Polymer Composites]""', '""application-specific performance comparison of amine and carboxyl functionalized carbon nanotubes""', '""amine vs carboxyl functionalization carbon nanotube applications comparison table""', '""amine functionalization carbon nanotube applications""', '""amine vs carboxyl functionalization carbon nanotube applications specific examples""', '""amine vs carboxyl functionalization carbon nanotube applications performance comparison""', '""amine vs carboxyl functionalization carbon nanotube applications electrochemical sensors""', '""amine vs carboxyl functionalization carbon nanotube applications biomedical""', '""amine vs carboxyl functionalization carbon nanotube applications catalytic activity""', '""amine vs carboxyl functionalization carbon nanotube applications drug delivery""', '""amine vs carboxyl functionalization carbon nanotube applications composite materials""']",PandasVectorStore,0,0
2025-11-04T12:09:48.866092,What role does the diameter and chirality of single-walled carbon nanotubes (SWCNTs) play in their electronic and optical properties?,I encountered an error while trying to generate the final answer (LLM_ERROR: API rate limit or quota exceeded (google).).,1,12111,,"START -> Initial Expanded Queries: ['what role does the diameter and chirality of single-walled carbon nanotubes (swcnts) play in their electronic and optical properties?', 'SWCNT chirality-dependent electronic band structure AND optical absorption spectra: CVD synthesis temperature effects AND Raman spectroscopy validation', 'Diameter-controlled SWCNT synthesis using [catalyst chemical formula] catalyst: Correlation between tube diameter, chirality, and exciton energy via photoluminescence spectroscopy AND TEM analysis'] -> --- Hop 1 --- -> Hop 1: Routing -> Strategy='vector_search', Query='role of diameter and chirality in single-walled carbon nanotube electronic and optical properties...' -> Hop 1: Reasoning result -> Action='ANSWER_COMPLETE', Value='...' -> --- Final Answer Generation ---","what role does the diameter and chirality of single-walled carbon nanotubes (swcnts) play in their electronic and optical properties? | SWCNT chirality-dependent electronic band structure AND optical absorption spectra: CVD synthesis temperature effects AND Raman spectroscopy validation | Diameter-controlled SWCNT synthesis using [catalyst chemical formula] catalyst: Correlation between tube diameter, chirality, and exciton energy via photoluminescence spectroscopy AND TEM analysis",,,,,,,6.51,1,"['what role does the diameter and chirality of single-walled carbon nanotubes (swcnts) play in their electronic and optical properties?', 'SWCNT chirality-dependent electronic band structure AND optical absorption spectra: CVD synthesis temperature effects AND Raman spectroscopy validation', 'Diameter-controlled SWCNT synthesis using [catalyst chemical formula] catalyst: Correlation between tube diameter, chirality, and exciton energy via photoluminescence spectroscopy AND TEM analysis']",PandasVectorStore,0,0
2025-11-04T12:10:07.508609,What are the challenges in scaling up the production of defect-free carbon nanotubes with uniform properties for industrial applications?,"Scaling up the production of defect-free carbon nanotubes (CNTs) with uniform properties for industrial applications faces several challenges. These challenges span from fundamental understanding of growth mechanisms to practical limitations in process control and consistency.

Here's a breakdown of the challenges:

*   **Precise Structural Control:** Achieving the required selectivity for chirality, diameter, and other structural parameters is a significant hurdle in CNT synthesis using chemical vapor deposition (CVD) (`Source: Doc: 'hughes-et-al-2024-review-of-carbon-nanotube-research-and-development-materials-and-emerging-applications.pdf', Page: 5, ChunkID: 'hughes-et-al-2024-review-of-carbon-nanotube-research-and-development-materials-and-emerging-applications_elem79_chunk0'`). Maintaining uniform properties, such as constant chirality, over the entire length of the tube is difficult, as changes in chirality result from defects in the tube wall (`Source: Doc: 's41467-024-47999-7 (1).pdf', Page: 1, ChunkID: 's41467-024-47999-7 (1)_elem16_chunk0'`). These defects typically appear as pentagons or heptagons (`Source: Doc: 's41467-024-47999-7 (1).pdf', Page: 1, ChunkID: 's41467-024-47999-7 (1)_elem16_chunk0'`).

*   **Defect Formation and Healing:** A typical centimeter-long single-walled carbon nanotube (SWCNT) requires a defect concentration less than 0.1 parts per million to be considered defect-free (`Source: Doc: 's41467-024-47999-7 (1).pdf', Page: 2, ChunkID: 's41467-024-47999-7 (1)_elem23_chunk0'`). Molecular dynamics (MD) simulations have revealed the tube-catalyst interface to be highly dynamic, with fluctuations in the chiral structure of the CNT-edge, leading to stochastic defect formation (`Source: Doc: 's41467-024-47999-7 (1).pdf', Page: 1, ChunkID: 's41467-024-47999-7 (1)_elem12_chunk0'`). While low growth rates and high temperatures can promote defect healing before incorporation into the tube wall, controlling these conditions is crucial (`Source: Doc: 's41467-024-47999-7 (1).pdf', Page: 1, ChunkID: 's41467-024-47999-7 (1)_elem12_chunk0'`). Higher growth temperatures enable faster growth of long defect-free CNTs if the carbon supply rate can be controlled (`Source: Doc: 's41467-024-47999-7 (1).pdf', Page: 5, ChunkID: 's41467-024-47999-7 (1)_elem180_chunk0'`).

*   **Process Control and Consistency:** CNT forest growth is known to be nonrepeatable under typical laboratory conditions (`Source: Doc: 'Statistical analysis of variation in laboratory growth of carbon nanotube forests and recommendations for improved consistency.pdf', Page: 1, ChunkID: 'Statistical analysis of variation in laboratory growth of carbon nanotube forests and recommendations for improved consistency_elem15_chunk0'`). Factors such as ambient conditions, variations in standard procedures, water vapor concentration, carbon deposits on the reactor wall, and pressure variations can all influence CNT growth (`Source: Doc: 'Statistical analysis of variation in laboratory growth of carbon nanotube forests and recommendations for improved consistency.pdf', Page: 1, ChunkID: 'Statistical analysis of variation in laboratory growth of carbon nanotube forests and recommendations for improved consistency_elem24_chunk0'`, `Source: Doc: 'Statistical analysis of variation in laboratory growth of carbon nanotube forests and recommendations for improved consistency.pdf', Page: 1, ChunkID: 'Statistical analysis of variation in laboratory growth of carbon nanotube forests and recommendations for improved consistency_elem9_chunk0'`). Consistent placement of samples within the furnace is also required (`Source: Doc: 'Statistical analysis of variation in laboratory growth of carbon nanotube forests and recommendations for improved consistency.pdf', Page: 14, ChunkID: 'Statistical analysis of variation in laboratory growth of carbon nanotube forests and recommendations for improved consistency_elem195_chunk0'`).

*   **Growth Rate and Temperature Optimization:** Understanding how growth rate and temperature affect the entrapment of interface defects is crucial for reliable production of long, defect-free CNTs (`Source: Doc: 's41467-024-47999-7 (1).pdf', Page: 4, ChunkID: 's41467-024-47999-7 (1)_elem108_chunk0'`). Low growth rates allow more time for defects to heal, leading to higher quality CNTs (`Source: Doc: 's41467-024-47999-7 (1).pdf', Page: 5, ChunkID: 's41467-024-47999-7 (1)_elem180_chunk0'`).

*   **Limitations in Modeling and Simulation:** Molecular dynamics simulations face methodological limitations in accurately exploring the timescales necessary for defect-free growth without biasing methods (`Source: Doc: 's41467-024-47999-7 (1).pdf', Page: 2, ChunkID: 's41467-024-47999-7 (1)_elem24_chunk1'`). This makes it difficult to fully understand the nucleation process, defect formation and healing, and the evolution of the tube-catalyst interface (`Source: Doc: 's41467-024-47999-7 (1).pdf', Page: 2, ChunkID: 's41467-024-47999-7 (1)_elem24_chunk1'`).

*   **Cost and Scalability:** Researchers often use low-cost atmospheric pressure CVD systems like tube furnaces, sometimes outside of clean room environments, to reduce costs (`Source: Doc: 'Statistical analysis of variation in laboratory growth of carbon nanotube forests and recommendations for improved consistency.pdf', Page: 2, ChunkID: 'Statistical analysis of variation in laboratory growth of carbon nanotube forests and recommendations for improved consistency_elem24_chunk0'`). However, this increases the risk of process variation unless appropriate controls are implemented (`Source: Doc: 'Statistical analysis of variation in laboratory growth of carbon nanotube forests and recommendations for improved consistency.pdf', Page: 2, ChunkID: 'Statistical analysis of variation in laboratory growth of carbon nanotube forests and recommendations for improved consistency_elem24_chunk0'`).

**Missing Information**

The accumulated context does not provide specific details on:

*   Specific catalyst materials and their impact on defect formation and chirality control during CNT growth.
*   Detailed methods for controlling the carbon supply rate to match growth temperature for optimized defect-free growth.
*   Specific examples of ""biasing methods"" used in molecular dynamics simulations and their limitations.
*   A comprehensive comparison of different CVD methods (e.g., aerosol CVD vs. substrate-supported CVD) in terms of scalability and defect control.
*   Detailed post-growth purification techniques and their effectiveness in removing defective CNTs or metallic CNTs.",1,16995,0.9,"START -> Initial Expanded Queries: ['what are the challenges in scaling up the production of defect-free carbon nanotubes with uniform properties for industrial applications?', '""CVD synthesis of high-purity SWCNTs: catalyst composition, reaction temperature optimization, and post-synthesis purification challenges for scalable production""', '""Defect density control in MWCNT synthesis: influence of carbon feedstock, reactor pressure, and annealing temperature on mechanical properties and long-term stability for composite applications""'] -> --- Hop 1 --- -> Hop 1: Routing -> Strategy='vector_search', Query='challenges in scaling up production of defect-free carbon nanotubes with uniform properties for indu...' -> Hop 1: Reasoning result -> Action='ANSWER_COMPLETE', Value='...' -> --- Final Answer Generation ---","what are the challenges in scaling up the production of defect-free carbon nanotubes with uniform properties for industrial applications? | ""CVD synthesis of high-purity SWCNTs: catalyst composition, reaction temperature optimization, and post-synthesis purification challenges for scalable production"" | ""Defect density control in MWCNT synthesis: influence of carbon feedstock, reactor pressure, and annealing temperature on mechanical properties and long-term stability for composite applications""",,,5,"The answer directly addresses the question by outlining several key challenges in scaling up the production of defect-free carbon nanotubes with uniform properties. It covers aspects like precise structural control, defect formation, process control, growth rate optimization, limitations in modeling, and cost/scalability, all of which are highly relevant to the query. The answer also identifies missing information that would further enhance its comprehensiveness.",,Parsing Failed: LLM_ERROR: API rate limit or quota exceeded (google).,18.63,1,"['what are the challenges in scaling up the production of defect-free carbon nanotubes with uniform properties for industrial applications?', '""CVD synthesis of high-purity SWCNTs: catalyst composition, reaction temperature optimization, and post-synthesis purification challenges for scalable production""', '""Defect density control in MWCNT synthesis: influence of carbon feedstock, reactor pressure, and annealing temperature on mechanical properties and long-term stability for composite applications""']",PandasVectorStore,0,0
2025-11-04T12:10:30.051451,Compare the effectiveness of Iron (Fe) and Nickel (Ni) catalysts when using acetylene (C₂H₂) for the CVD synthesis of secondary multi-walled carbon nanotubes (MWCNTs) on vapor-grown carbon fibers (VGCFs).,"The effectiveness of Iron (Fe) and Nickel (Ni) catalysts in the CVD synthesis of secondary multi-walled carbon nanotubes (MWCNTs) on vapor-grown carbon fibers (VGCFs) using acetylene (C₂H₂) has been studied (Source: Doc: 'cvd-synthesis-of-hierarchical-3d-mwcnt-carbon-fiber-43cnmo1qz2.pdf', Page: 1, ChunkID: 'cvd-synthesis-of-hierarchical-3d-mwcnt-carbon-fiber-43cnmo1qz2_elem8_chunk0').

            **Effectiveness Comparison:**

            *   **Nickel (Ni):** The combination of Ni and C₂H₂ was found to be very active for secondary CNT synthesis without any pretreatment of the fibers (Source: Doc: 'cvd-synthesis-of-hierarchical-3d-mwcnt-carbon-fiber-43cnmo1qz2.pdf', Page: 1, ChunkID: 'cvd-synthesis-of-hierarchical-3d-mwcnt-carbon-fiber-43cnmo1qz2_elem8_chunk0'). The optimal temperature for CNT synthesis was 750°C, with a total gas flow of 650 cm³min⁻¹ of C₂H₂, H₂, and Ar in a 1.0:6.7:30 ratio (Source: Doc: 'cvd-synthesis-of-hierarchical-3d-mwcnt-carbon-fiber-43cnmo1qz2.pdf', Page: 1, ChunkID: 'cvd-synthesis-of-hierarchical-3d-mwcnt-carbon-fiber-43cnmo1qz2_elem8_chunk0'). Under optimal synthesis conditions, the VGCFs were well covered with secondary multiwalled tubes (Source: Doc: 'cvd-synthesis-of-hierarchical-3d-mwcnt-carbon-fiber-43cnmo1qz2.pdf', Page: 2, ChunkID: 'cvd-synthesis-of-hierarchical-3d-mwcnt-carbon-fiber-43cnmo1qz2_elem26_chunk0'). Some secondary tubes had catalyst particles embedded at their ends (Source: Doc: 'cvd-synthesis-of-hierarchical-3d-mwcnt-carbon-fiber-43cnmo1qz2.pdf', Page: 2, ChunkID: 'cvd-synthesis-of-hierarchical-3d-mwcnt-carbon-fiber-43cnmo1qz2_elem26_chunk0'). Most of the tubes had between 10-20 walls and a reasonably good wall structure (Source: Doc: 'cvd-synthesis-of-hierarchical-3d-mwcnt-carbon-fiber-43cnmo1qz2.pdf', Page: 2, ChunkID: 'cvd-synthesis-of-hierarchical-3d-mwcnt-carbon-fiber-43cnmo1qz2_elem26_chunk0'). A reduction time of 5 minutes worked best with nickel, resulting in an average diameter of nickel particles after synthesis on the Showa Denko fibers of 9.5 ± 1.9 nm, while on the grid surface their average diameter was only 5.5 ± 1.3 nm (Source: Doc: 'cvd-synthesis-of-hierarchical-3d-mwcnt-carbon-fiber-43cnmo1qz2.pdf', Page: 2, ChunkID: 'cvd-synthesis-of-hierarchical-3d-mwcnt-carbon-fiber-43cnmo1qz2_elem24_chunk0').
            *   **Iron (Fe):** Iron was found to be completely inactive as a catalyst with C₂H₂ (Source: Doc: 'cvd-synthesis-of-hierarchical-3d-mwcnt-carbon-fiber-43cnmo1qz2.pdf', Page: 1, ChunkID: 'cvd-synthesis-of-hierarchical-3d-mwcnt-carbon-fiber-43cnmo1qz2_elem8_chunk0'). Synthesis attempts using iron at temperatures of 700, 750, and 800°C showed no activation of catalyst particles on the VGCFs, even though the catalyst particles on the SiO₂ substrate activated CNT growth effectively (Source: Doc: 'cvd-synthesis-of-hierarchical-3d-mwcnt-carbon-fiber-43cnmo1qz2.pdf', Page: 2, ChunkID: 'cvd-synthesis-of-hierarchical-3d-mwcnt-carbon-fiber-43cnmo1qz2_elem29_chunk0'). This indicates that the reactor conditions were suitable for CNT growth with acetylene from iron catalysts, but the VGCFs themselves were not activated (Source: Doc: 'cvd-synthesis-of-hierarchical-3d-mwcnt-carbon-fiber-43cnmo1qz2.pdf', Page: 2, ChunkID: 'cvd-synthesis-of-hierarchical-3d-mwcnt-carbon-fiber-43cnmo1qz2_elem29_chunk0'). Iron particles coalesced during the reduction step and CNT growth initiation period, producing excessively large particles for CNT growth (Source: Doc: 'cvd-synthesis-of-hierarchical-3d-mwcnt-carbon-fiber-43cnmo1qz2.pdf', Page: 3, ChunkID: 'cvd-synthesis-of-hierarchical-3d-mwcnt-carbon-fiber-43cnmo1qz2_elem48_chunk0'). The average diameter of Fe particles on the fibers was significantly larger than the Ni particles (Source: Doc: 'cvd-synthesis-of-hierarchical-3d-mwcnt-carbon-fiber-43cnmo1qz2.pdf', Page: 3, ChunkID: 'cvd-synthesis-of-hierarchical-3d-mwcnt-carbon-fiber-43cnmo1qz2_elem48_chunk0'). Data indicates that pretreatment of the supporting carbon structure is vital when using iron (Source: Doc: 'cvd-synthesis-of-hierarchical-3d-mwcnt-carbon-fiber-43cnmo1qz2.pdf', Page: 3, ChunkID: 'cvd-synthesis-of-hierarchical-3d-mwcnt-carbon-fiber-43cnmo1qz2_elem51_chunk0').

            **Experimental Details:**

            *   Catalysts were deposited on the fibers by sputtering (Source: Doc: 'cvd-synthesis-of-hierarchical-3d-mwcnt-carbon-fiber-43cnmo1qz2.pdf', Page: 1, ChunkID: 'cvd-synthesis-of-hierarchical-3d-mwcnt-carbon-fiber-43cnmo1qz2_elem8_chunk0'). A magnetron sputter coater was used to produce nanoparticles on the carbon fibers deposited on the substrates (Source: Doc: 'cvd-synthesis-of-hierarchical-3d-mwcnt-carbon-fiber-43cnmo1qz2.pdf', Page: 4, ChunkID: 'cvd-synthesis-of-hierarchical-3d-mwcnt-carbon-fiber-43cnmo1qz2_elem76_chunk0'). A sputtering current of 20 mA maintained for 15 seconds was used for both targets (Source: Doc: 'cvd-synthesis-of-hierarchical-3d-mwcnt-carbon-fiber-43cnmo1qz2.pdf', Page: 4, ChunkID: 'cvd-synthesis-of-hierarchical-3d-mwcnt-carbon-fiber-43cnmo1qz2_elem76_chunk0').

            **Missing Information:**

            *   The specific reasons for iron's inactivity are only generally discussed (e.g., particle size) but not definitively identified with concrete data.
            *   Details on the specific properties of the ""highly crystalline"" VGCFs are not provided.
            *   The exact composition of the sputtering targets (purity, etc.) is not specified.
            *   Information about the specific type of reactors used is limited.
            *   A detailed analysis of the cost-effectiveness of using Nickel versus Iron, considering Iron's inactivity without pretreatment, is absent.",1,16237,0.95,"START -> Initial Expanded Queries: ['compare the effectiveness of iron (fe) and nickel (ni) catalysts when using acetylene (c₂h₂) for the cvd synthesis of secondary multi-walled carbon nanotubes (mwcnts) on vapor-grown carbon fibers (vgcfs).', 'Acetylene CVD synthesis MWCNT VGCF: ""Fe vs Ni catalyst"" AND ""growth kinetics"" AND ""temperature dependence"" AND ""Raman spectroscopy"" AND ""defect density"" AND ""mechanical properties""', '""Vapor-grown carbon fiber"" AND ""MWCNT synthesis"" AND ""acetylene precursor"" AND (""iron catalyst"" OR ""nickel catalyst"") AND ""catalyst particle size"" AND ""carbon nanotube diameter distribution"" AND ""thermal stability"" AND ""high-resolution TEM""'] -> --- Hop 1 --- -> Hop 1: Routing -> Strategy='hybrid_search', Query='effectiveness comparison of iron and nickel catalysts in CVD synthesis of secondary multi-walled car...' -> Hop 1: Reasoning result -> Action='ANSWER_COMPLETE', Value='...' -> --- Final Answer Generation ---","compare the effectiveness of iron (fe) and nickel (ni) catalysts when using acetylene (c₂h₂) for the cvd synthesis of secondary multi-walled carbon nanotubes (mwcnts) on vapor-grown carbon fibers (vgcfs). | Acetylene CVD synthesis MWCNT VGCF: ""Fe vs Ni catalyst"" AND ""growth kinetics"" AND ""temperature dependence"" AND ""Raman spectroscopy"" AND ""defect density"" AND ""mechanical properties"" | ""Vapor-grown carbon fiber"" AND ""MWCNT synthesis"" AND ""acetylene precursor"" AND (""iron catalyst"" OR ""nickel catalyst"") AND ""catalyst particle size"" AND ""carbon nanotube diameter distribution"" AND ""thermal stability"" AND ""high-resolution TEM""",,,5,"The answer directly addresses the question by comparing the effectiveness of Iron and Nickel catalysts for CVD synthesis of MWCNTs on VGCFs using acetylene. It provides specific details about the performance of each catalyst, including optimal conditions, resulting nanotube properties, and reasons for observed differences. While some information is missing, the answer provides a substantial comparison based on the provided document.",5,"The answer accurately summarizes the findings regarding the effectiveness of Nickel and Iron catalysts in CVD synthesis, drawing directly from the provided context and citing the specific document chunks. It highlights the activity of Nickel with acetylene, the inactivity of Iron, and provides relevant experimental details like temperature, gas flow, and deposition methods. The 'Missing Information' section further demonstrates a thorough understanding of the context by pointing out areas where the source material lacks specific details.",22.53,1,"['compare the effectiveness of iron (fe) and nickel (ni) catalysts when using acetylene (c₂h₂) for the cvd synthesis of secondary multi-walled carbon nanotubes (mwcnts) on vapor-grown carbon fibers (vgcfs).', 'Acetylene CVD synthesis MWCNT VGCF: ""Fe vs Ni catalyst"" AND ""growth kinetics"" AND ""temperature dependence"" AND ""Raman spectroscopy"" AND ""defect density"" AND ""mechanical properties""', '""Vapor-grown carbon fiber"" AND ""MWCNT synthesis"" AND ""acetylene precursor"" AND (""iron catalyst"" OR ""nickel catalyst"") AND ""catalyst particle size"" AND ""carbon nanotube diameter distribution"" AND ""thermal stability"" AND ""high-resolution TEM""']",PandasVectorStore,0,0
2025-11-04T12:10:54.289627,"For synthesizing vertically aligned SWCNT 'carpets' using an Iron (Fe) catalyst with acetylene, explain the role of adding a weak oxidant like water (H₂O). What is the optimal concentration to maximize growth height, and what is the underlying mechanism for its effectiveness?","The addition of a weak oxidant like water (H₂O) plays a crucial role in the synthesis of vertically aligned single-walled carbon nanotube (SWNT) carpets using an Iron (Fe) catalyst with acetylene (C₂H₂).

**Role of Water (H₂O):**

*   **Catalyst Preservation:** Water provides an efficient route for catalyst preservation through surface hydroxylation and etching of amorphous carbon during the growth process (Source: Doc: 'horton-et-al-2009-investigation-of-optimal-parameters-for-oxide-assisted-growth-of-vertically-aligned-single-walled.pdf', Page: 8, ChunkID: 'horton-et-al-2009-investigation-of-optimal-parameters-for-oxide-assisted-growth-of-vertically-aligned-single-walled_elem91_chunk1'). This extends the active catalyst site duration (Source: Doc: 'horton-et-al-2009-investigation-of-optimal-parameters-for-oxide-assisted-growth-of-vertically-aligned-single-walled.pdf', Page: 8, ChunkID: 'horton-et-al-2009-investigation-of-optimal-parameters-for-oxide-assisted-growth-of-vertically-aligned-single-walled_elem91_chunk1') and protects the catalyst from ripening or carbide formation, which can prematurely terminate growth (Source: Doc: 'horton-et-al-2009-investigation-of-optimal-parameters-for-oxide-assisted-growth-of-vertically-aligned-single-walled.pdf', Page: 8, ChunkID: 'horton-et-al-2009-investigation-of-optimal-parameters-for-oxide-assisted-growth-of-vertically-aligned-single-walled_elem91_chunk1').
*   **Surface Hydroxylation:** The addition of H₂O initiates surface chemistry with the catalyst and support, dramatically enhancing the catalyst lifetime (Source: Doc: 'horton-et-al-2009-investigation-of-optimal-parameters-for-oxide-assisted-growth-of-vertically-aligned-single-walled.pdf', Page: 5, ChunkID: 'horton-et-al-2009-investigation-of-optimal-parameters-for-oxide-assisted-growth-of-vertically-aligned-single-walled_elem64_chunk0'). Surface hydroxylation ""pins"" mobile Fe atoms near the catalyst edge to surface-bound oxygen groups, stabilizing them (Source: Doc: 'horton-et-al-2009-investigation-of-optimal-parameters-for-oxide-assisted-growth-of-vertically-aligned-single-walled.pdf', Page: 5, ChunkID: 'horton-et-al-2009-investigation-of-optimal-parameters-for-oxide-assisted-growth-of-vertically-aligned-single-walled_elem64_chunk0').
*   **Amorphous Carbon Etching:** H₂O etches away amorphous carbon that forms during the initial growth stages (Source: Doc: 'horton-et-al-2009-investigation-of-optimal-parameters-for-oxide-assisted-growth-of-vertically-aligned-single-walled.pdf', Page: 4, ChunkID: 'horton-et-al-2009-investigation-of-optimal-parameters-for-oxide-assisted-growth-of-vertically-aligned-single-walled_elem62_chunk0'). The constant carbon flux leads to variations in nanotube growth rates, and some particles become saturated with carbon, forming a carbon shell (Source: Doc: 'horton-et-al-2009-investigation-of-optimal-parameters-for-oxide-assisted-growth-of-vertically-aligned-single-walled.pdf', Page: 4, ChunkID: 'horton-et-al-2009-investigation-of-optimal-parameters-for-oxide-assisted-growth-of-vertically-aligned-single-walled_elem62_chunk0').

**Optimal Concentration:**

*   The presence of H₂O results in the same trend with respect to the carpet height (Source: Doc: 'horton-et-al-2009-investigation-of-optimal-parameters-for-oxide-assisted-growth-of-vertically-aligned-single-walled.pdf', Page: 3, ChunkID: 'horton-et-al-2009-investigation-of-optimal-parameters-for-oxide-assisted-growth-of-vertically-aligned-single-walled_elem31_chunk1'). The carpet height remains at ∼105 µm tall with up to 5 times more water added to the reaction (Source: Doc: 'horton-et-al-2009-investigation-of-optimal-parameters-for-oxide-assisted-growth-of-vertically-aligned-single-walled.pdf', Page: 3, ChunkID: 'horton-et-al-2009-investigation-of-optimal-parameters-for-oxide-assisted-growth-of-vertically-aligned-single-walled_elem42_chunk0').
*   Experiments were carried out to measure the carpet height as a function of growth time to study this effect, the results of which are presented in Figure 4a (Source: Doc: 'horton-et-al-2009-investigation-of-optimal-parameters-for-oxide-assisted-growth-of-vertically-aligned-single-walled.pdf', Page: 4, ChunkID: 'horton-et-al-2009-investigation-of-optimal-parameters-for-oxide-assisted-growth-of-vertically-aligned-single-walled_elem58_chunk0').

**Underlying Mechanism:**

*   **Surface Chemistry:** The saturation effect of H₂O during carpet growth indicates that surface chemistry plays a significant role in enhanced growth (Source: Doc: 'horton-et-al-2009-investigation-of-optimal-parameters-for-oxide-assisted-growth-of-vertically-aligned-single-walled.pdf', Page: 3, ChunkID: 'horton-et-al-2009-investigation-of-optimal-parameters-for-oxide-assisted-growth-of-vertically-aligned-single-walled_elem42_chunk0'). Water likely reacts with the surface, forming surface-bound hydroxyl groups on both the Al₂O₃ support and the Fe catalyst particle edges (Source: Doc: 'horton-et-al-2009-investigation-of-optimal-parameters-for-oxide-assisted-growth-of-vertically-aligned-single-walled.pdf', Page: 3, ChunkID: 'horton-et-al-2009-investigation-of-optimal-parameters-for-oxide-assisted-growth-of-vertically-aligned-single-walled_elem42_chunk0').
*   **Catalyst Stabilization:** Hydroxylation slows down Ostwald ripening, allowing for longer catalyst lifetimes due to better stability (Source: Doc: 'horton-et-al-2009-investigation-of-optimal-parameters-for-oxide-assisted-growth-of-vertically-aligned-single-walled.pdf', Page: 5, ChunkID: 'horton-et-al-2009-investigation-of-optimal-parameters-for-oxide-assisted-growth-of-vertically-aligned-single-walled_elem64_chunk0').

**Missing Information:**

*   Specific optimal concentration of H₂O in ppm or sccm to maximize growth height.
*   Detailed mechanism of Fe-carbide formation, Ostwald ripening, or FeO intercalation to the Al₂O₃ support that causes catalyst poisoning.
*   The exact reaction between water and the Al₂O₃ surface to form surface-bound hydroxyl groups.
*   The role of atomic hydrogen in the process, specifically its interaction with water.",1,27901,0.85,"START -> Initial Expanded Queries: [""for synthesizing vertically aligned swcnt 'carpets' using an iron (fe) catalyst with acetylene, explain the role of adding a weak oxidant like water (h₂o). what is the optimal concentration to maximize growth height, and what is the underlying mechanism for its effectiveness?"", '""Vertically aligned SWCNT carpet synthesis: Influence of H₂O partial pressure on Fe catalyst activity, growth kinetics, and structural defects during acetylene CVD at [Temperature] °C. Correlate water concentration with Raman spectral features (G/D ratio, RBM intensity) and carpet height.""', '""Acetylene CVD of vertically aligned SWCNTs using Fe nanoparticles: Investigate the mechanism of water-assisted growth enhancement. Determine the optimal H₂O:C₂H₂ ratio for maximizing SWCNT length and minimizing amorphous carbon deposition. Characterize catalyst particle size evolution and CNT chirality distribution as a function of water concentration and film thickness.""'] -> --- Hop 1 --- -> Hop 1: Routing -> Strategy='hybrid_search', Query='role of water as a weak oxidant in vertically aligned single-walled carbon nanotube carpet synthesis...' -> Hop 1: Reasoning result -> Action='ANSWER_COMPLETE', Value='...' -> --- Final Answer Generation ---","for synthesizing vertically aligned swcnt 'carpets' using an iron (fe) catalyst with acetylene, explain the role of adding a weak oxidant like water (h₂o). what is the optimal concentration to maximize growth height, and what is the underlying mechanism for its effectiveness? | ""Vertically aligned SWCNT carpet synthesis: Influence of H₂O partial pressure on Fe catalyst activity, growth kinetics, and structural defects during acetylene CVD at [Temperature] °C. Correlate water concentration with Raman spectral features (G/D ratio, RBM intensity) and carpet height."" | ""Acetylene CVD of vertically aligned SWCNTs using Fe nanoparticles: Investigate the mechanism of water-assisted growth enhancement. Determine the optimal H₂O:C₂H₂ ratio for maximizing SWCNT length and minimizing amorphous carbon deposition. Characterize catalyst particle size evolution and CNT chirality distribution as a function of water concentration and film thickness.""",,,5,"The answer directly addresses the question by explaining the role of water in the synthesis of vertically aligned SWCNTs, including catalyst preservation, surface hydroxylation, and amorphous carbon etching. It also discusses the optimal concentration and the underlying mechanism. While it acknowledges missing information, the core of the question is thoroughly answered.",5,"The answer accurately summarizes the role of water in SWNT growth based on the provided context. It correctly identifies catalyst preservation, surface hydroxylation, and amorphous carbon etching as key mechanisms. The answer also cites the specific chunks from the document to support its claims, indicating a strong reliance on the provided information.",24.23,1,"[""for synthesizing vertically aligned swcnt 'carpets' using an iron (fe) catalyst with acetylene, explain the role of adding a weak oxidant like water (h₂o). what is the optimal concentration to maximize growth height, and what is the underlying mechanism for its effectiveness?"", '""Vertically aligned SWCNT carpet synthesis: Influence of H₂O partial pressure on Fe catalyst activity, growth kinetics, and structural defects during acetylene CVD at [Temperature] °C. Correlate water concentration with Raman spectral features (G/D ratio, RBM intensity) and carpet height.""', '""Acetylene CVD of vertically aligned SWCNTs using Fe nanoparticles: Investigate the mechanism of water-assisted growth enhancement. Determine the optimal H₂O:C₂H₂ ratio for maximizing SWCNT length and minimizing amorphous carbon deposition. Characterize catalyst particle size evolution and CNT chirality distribution as a function of water concentration and film thickness.""']",PandasVectorStore,0,0
